rule,classification,DAR_complete,DAR_asymmetric,localized_component_lifetime_max,recurrence_up_to_shift,motif_material_turnover,frozen_order_index,chaos_index,depends_left,depends_center,depends_right,relation_degree,relation_complete,self_only,no_local_self_relation,left_right_asymmetry,temporal_irreversibility_proxy,directional_consequence,DAR_complete_structural,DAR_asymmetric_structural,depends_left_metric,depends_center_metric,depends_right_metric,relation_degree_metric,relation_complete_metric,self_only_metric,no_local_self_relation_metric,left_right_asymmetry_metric,temporal_irreversibility_proxy_metric,directional_consequence_metric,DAR_complete_structural_metric,DAR_asymmetric_structural_metric,active_fraction_mean,active_fraction_final,symbol_entropy_mean,extinction_rate,all_zero_attractor_rate,all_one_attractor_rate,global_fixed_point_rate,global_periodic_rate,localized_component_lifetime_mean,localized_component_lifetime_max_metric,component_size_median,component_size_entropy,persistent_component_count,recurrence_up_to_shift_metric,motif_survival_depth,motif_material_turnover_metric,translation_velocity_estimate,period_estimate,pattern_background_contrast,local_entropy_inside_pattern,local_entropy_outside_pattern,signal_to_background_ratio,exact_static_fraction,global_period_fraction,low_turnover_persistence_fraction,frozen_order_index_metric,activity_entropy,damage_spreading_rate,compressibility_proxy,component_fragmentation_rate,chaos_index_metric,distinction_survival,DAR_complete_metric,DAR_asymmetric_metric,classification_metric,future_distinct_descendant_count,post_perturbation_survival_rate,return_to_same_pattern_rate,branching_without_explosion
5,emitter_or_generator,True,False,260.0,1.0,0.0,0.4109375,0.3178899936485589,True,False,True,2,True,False,True,0.0,0.5,0.0,True,False,True,False,True,2,True,False,True,0.0,0.5,0.0,True,False,0.473864524435595,0.2429911295572916,0.5339992758747362,0.0,0.0,0.0,0.09375,1.0,260.0,260.0,1.1666666666666667,0.8880016747376361,1.0,1.0,1.015625,0.0,0.0,1.8333333333333333,1.0,0.473864524435595,0.526135475564405,35.41041066674847,0.09375,1.0,1.0,0.4109375,0.5339992758747362,0.3198445638020833,0.6801554361979166,0.6751016145696144,0.3178899936485589,1.0,True,False,emitter_or_generator,16.0,1.0,1.0,1.0
29,emitter_or_generator,False,False,260.0,1.0,0.0,0.35,0.35614013671875,True,True,True,2,True,False,False,0.5,0.0,0.0,False,False,True,True,True,2,True,False,False,0.5,0.0,0.0,False,False,0.4988951924246109,0.216064453125,0.5190078895212746,0.0,0.0,0.0,0.0,1.0,260.0,260.0,1.0,0.5679013548429389,1.0,1.0,1.015625,0.0,0.0,2.0,1.0,0.4988951924246109,0.5011048075753891,50.25985782630226,0.0,1.0,1.0,0.35,0.5190078895212746,0.35614013671875,0.64385986328125,0.8698986800006154,0.35614013671875,1.0,False,False,emitter_or_generator,16.0,1.0,1.0,1.0
30,emitter_or_generator,False,False,237.33333333333331,0.558074951171875,0.4873555501302083,0.0,0.524882134128856,True,True,True,2,True,False,False,0.25,0.0,0.0,False,False,True,True,True,2,True,False,False,0.25,0.0,0.0,False,False,0.4411804357546003,0.5064798990885416,0.9354477582180646,0.0,0.0,0.0,0.0,0.0,194.41666666666663,237.33333333333331,1.1666666666666667,1.7878042778240346,1.0,0.558074951171875,0.9270833333333334,0.4873555501302083,-0.00640869140625,0.0,1.0,0.4411804357546003,0.5588195642453996,35.53214371186244,0.0,0.0,0.0,0.0,0.9354477582180646,0.52490234375,0.47509765625,0.5566412062729984,0.524882134128856,1.0,False,False,emitter_or_generator,16.0,1.0,0.0,1.0
45,emitter_or_generator,False,False,233.33333333333331,0.5505472819010416,0.5034281412760416,0.0,0.5067849631688229,True,True,True,2,True,False,False,0.25,0.0,0.0,False,False,True,True,True,2,True,False,False,0.25,0.0,0.0,False,False,0.4983021381145631,0.4993489583333333,0.8834765893644732,0.0,0.0,0.0,0.0,0.0,161.03125,233.33333333333331,1.1666666666666667,1.941494736329078,1.0,0.5505472819010416,0.9114583333333334,0.5034281412760416,-0.0171305338541666,0.0,1.0,0.4983021381145631,0.5016978618854369,31.53397104697018,0.0,0.0,0.0,0.0,0.8834765893644732,0.5067952473958334,0.4932047526041667,0.5187042557873515,0.5067849631688229,1.0,False,False,emitter_or_generator,16.0,1.0,0.0,1.0
50,emitter_or_generator,True,False,260.0,1.0,0.0,0.35,0.9479166666666666,True,True,True,2,True,False,False,0.0,0.25,0.0,True,False,True,True,True,2,True,False,False,0.0,0.25,0.0,True,False,0.4397849393416626,0.5004475911458334,0.9349883455062724,0.0,0.0,0.0,0.0,1.0,259.9583333333333,260.0,1.0,0.2658938704900755,1.0,1.0,1.015625,0.0,-0.0113932291666666,2.0,1.0,0.4397849393416626,0.5602150606583374,333333460.79168445,0.0,1.0,1.0,0.35,0.9349883455062724,0.9479166666666666,0.0520833333333333,0.9412040228955432,0.9479166666666666,1.0,True,False,emitter_or_generator,16.0,1.0,1.0,1.0
51,emitter_or_generator,False,False,260.0,1.0,0.0,0.35,0.31903076171875,False,True,False,0,False,True,False,0.0,0.0,0.0,False,False,False,True,False,0,False,True,False,0.0,0.0,0.0,False,False,0.4988960632245056,0.2162882486979166,0.5184999345930202,0.0,0.0,0.0,0.0,1.0,260.0,260.0,1.3333333333333333,0.8451987773325259,1.0,1.0,1.015625,0.0,0.0,2.0,1.0,0.4988960632245056,0.5011039367754946,49.447449431394624,0.0,1.0,1.0,0.35,0.5184999345930202,0.31903076171875,0.68096923828125,0.7164419515721826,0.31903076171875,1.0,False,False,emitter_or_generator,16.0,1.0,1.0,1.0
54,transported_identity,False,False,260.0,0.7709452311197916,0.2385762532552083,0.1967447916666666,0.4157096152893599,True,True,True,2,True,False,False,0.0,0.0,0.0,False,False,True,True,True,2,True,False,False,0.0,0.0,0.0,False,False,0.3759425617222965,0.3731180826822917,0.7708531840807659,0.09375,0.09375,0.0,0.09375,0.3932291666666667,222.57291666666663,260.0,1.6666666666666667,0.9061454481000858,0.90625,0.7709452311197916,1.015625,0.2385762532552083,-0.0315755208333333,0.8333333333333334,0.90625,0.3759425617222965,0.6240574382777034,7.604918094732402,0.09375,0.3932291666666667,0.3880208333333333,0.1967447916666666,0.7708531840807659,0.43646240234375,0.56353759765625,0.5369720201324237,0.4157096152893599,0.90625,False,False,transported_identity,16.0,1.0,0.75,1.0
61,transported_identity,True,True,260.0,0.8433430989583334,0.2010294596354166,0.0,0.1536235397558716,True,True,True,2,True,False,False,0.5,0.25,0.0,True,True,True,True,True,2,True,False,False,0.5,0.25,0.0,True,True,0.5185578540450714,0.2052103678385416,0.4531825477414459,0.0,0.0,0.0,0.0,0.0,256.84375,260.0,1.9166666666666667,1.3569774012110971,1.0,0.8433430989583334,1.015625,0.2010294596354166,-0.0439860026041666,0.0,1.0,0.5185578540450714,0.4814421459549287,17.318823234294495,0.0,0.0,0.0,0.0,0.4531825477414459,0.1547037760416666,0.8452962239583334,0.3895435797374839,0.1536235397558716,1.0,True,True,transported_identity,16.0,1.0,0.75,1.0
62,localized_persistence,True,True,260.0,0.8165791829427084,0.5651753743489584,0.0833333333333333,0.4905545328819083,True,True,True,2,True,False,False,0.25,0.25,0.0,True,True,True,True,True,2,True,False,False,0.25,0.25,0.0,True,True,0.4886539919367096,0.578826904296875,0.8254977426331962,0.0833333333333333,0.0833333333333333,0.0,0.0833333333333333,0.6666666666666666,238.52083333333331,260.0,2.0,1.1351658670267826,0.9166666666666666,0.8165791829427084,1.015625,0.5651753743489584,-0.0069173177083333,2.333333333333333,0.9166666666666666,0.4886539919367096,0.5113460080632903,147.40651265503072,0.0833333333333333,0.6666666666666666,0.0833333333333333,0.0833333333333333,0.8254977426331962,0.54095458984375,0.45904541015625,0.4333332769594938,0.4905545328819083,0.9166666666666666,True,True,localized_persistence,16.0,1.0,0.8125,1.0
71,emitter_or_generator,False,False,260.0,1.0,0.0,0.35,0.3543904622395833,True,True,True,2,True,False,False,0.5,0.0,0.0,False,False,True,True,True,2,True,False,False,0.5,0.0,0.0,False,False,0.4988945195337833,0.2158915201822916,0.5180010735244646,0.0,0.0,0.0,0.0,1.0,260.0,260.0,1.0,0.5764707772986124,1.0,1.0,1.015625,0.0,0.0,2.0,1.0,0.4988945195337833,0.5011054804662168,49.02136580544456,0.0,1.0,1.0,0.35,0.5180010735244646,0.3543904622395833,0.6456095377604166,0.868844165084524,0.3543904622395833,1.0,False,False,emitter_or_generator,16.0,1.0,1.0,1.0
73,transported_identity,True,False,260.0,0.7504984537760416,0.306060791015625,0.0309895833333333,0.4321797297669356,True,True,True,2,True,False,False,0.0,0.25,0.0,True,False,True,True,True,2,True,False,False,0.0,0.25,0.0,True,False,0.4420517897946052,0.4986673990885417,0.8239166505393839,0.0,0.0,0.0885416666666666,0.0,0.2838541666666667,186.22916666666663,260.0,1.1666666666666667,1.3097888503117456,0.9088541666666666,0.7504984537760416,1.015625,0.306060791015625,-0.0150960286458333,0.8333333333333334,0.9114583333333334,0.4420517897946052,0.5579482102053949,40.3027545954648,0.0,0.2838541666666667,0.0885416666666666,0.0309895833333333,0.8239166505393839,0.4411214192708333,0.5588785807291666,0.5269758138441117,0.4321797297669356,1.0,True,False,transported_identity,16.0,1.0,0.375,1.0
75,emitter_or_generator,False,False,244.0,0.5462137858072916,0.516510009765625,0.0,0.4986082913802119,True,True,True,2,True,False,False,0.25,0.0,0.0,False,False,True,True,True,2,True,False,False,0.25,0.0,0.0,False,False,0.500442208019212,0.5110575358072916,0.8817262542642061,0.0,0.0,0.0,0.0,0.0,184.83333333333331,244.0,1.5,1.983412766525344,1.0,0.5462137858072916,0.953125,0.516510009765625,-0.0163981119791666,0.0,1.0,0.500442208019212,0.499557791980788,31.39198561340112,0.0,0.0,0.0,0.0,0.8817262542642061,0.4986165364583333,0.5013834635416666,0.4775225074023098,0.4986082913802119,1.0,False,False,emitter_or_generator,16.0,1.0,0.0,1.0
78,emitter_or_generator,False,False,260.0,0.8792724609375,0.1207275390625,0.8249999999999998,0.9556671202592218,True,True,True,2,True,False,False,0.25,0.0,0.0,False,False,True,True,True,2,True,False,False,0.25,0.0,0.0,False,False,0.401447221926678,0.5192362467447916,0.8728584457088523,0.0,0.0,0.0,1.0,0.6536458333333334,259.9791666666667,260.0,1.0,0.3725408926772287,1.0,0.8792724609375,1.015625,0.1207275390625,-0.0221354166666666,0.6666666666666666,1.0,0.401447221926678,0.5985527780733221,166666724.20156845,1.0,0.6536458333333334,0.5,0.8249999999999998,0.8728584457088523,0.9615275065104166,0.0384724934895833,0.903546694327822,0.9556671202592218,1.0,False,False,emitter_or_generator,16.0,1.0,1.0,1.0
86,emitter_or_generator,False,False,248.66666666666663,0.5576985677083334,0.4881388346354167,0.0,0.5229086084928904,True,True,True,2,True,False,False,0.25,0.0,0.0,False,False,True,True,True,2,True,False,False,0.25,0.0,0.0,False,False,0.4410338642996109,0.5088704427083334,0.9352248280873052,0.0,0.0,0.0,0.0,0.0,205.77083333333331,248.66666666666663,1.1666666666666667,1.7838770391476029,1.0,0.5576985677083334,0.9713541666666666,0.4881388346354167,-0.0093180338541666,0.0,1.0,0.4410338642996109,0.5589661357003891,35.34284963103489,0.0,0.0,0.0,0.0,0.9352248280873052,0.5229288736979166,0.4770711263020833,0.5580286450289214,0.5229086084928904,1.0,False,False,emitter_or_generator,16.0,1.0,0.0,1.0
89,emitter_or_generator,False,False,239.33333333333331,0.5435282389322916,0.5192769368489584,0.0,0.4975096076953169,True,True,True,2,True,False,False,0.25,0.0,0.0,False,False,True,True,True,2,True,False,False,0.25,0.0,0.0,False,False,0.5004825814688716,0.5132242838541666,0.881342000502256,0.0,0.0,0.0,0.0,0.0,184.3125,239.33333333333331,1.5,1.9841991231132723,1.0,0.5435282389322916,0.9348958333333334,0.5192769368489584,0.0060221354166666,0.0,1.0,0.5004825814688716,0.4995174185311284,31.495834984499705,0.0,0.0,0.0,0.0,0.881342000502256,0.4975179036458333,0.5024820963541666,0.4776594290975071,0.4975096076953169,1.0,False,False,emitter_or_generator,16.0,1.0,0.0,1.0
94,emitter_or_generator,True,False,238.0,0.97021484375,0.0299275716145833,0.529296875,0.7360834078613836,True,True,True,2,True,False,False,0.0,0.25,0.0,True,False,True,True,True,2,True,False,False,0.0,0.25,0.0,True,False,0.4190549145412816,0.4456787109375,0.8245612598976851,0.1692708333333333,0.1692708333333333,0.0,0.4609375,0.9375,233.77083333333331,238.0,1.1666666666666667,0.557359614764368,1.0,0.97021484375,0.9296875,0.0299275716145833,-0.0211995442708333,2.833333333333333,0.8307291666666666,0.4190549145412816,0.5809450854587184,166666716.1451617,0.4609375,0.9375,0.65625,0.529296875,0.8245612598976851,0.7439778645833334,0.2560221354166667,0.719365806710444,0.7360834078613836,0.8307291666666666,True,False,emitter_or_generator,16.0,1.0,0.75,1.0
109,transported_identity,True,False,260.0,0.767974853515625,0.3178812662760417,0.0319010416666666,0.4415683506673207,True,True,True,2,True,False,False,0.0,0.25,0.0,True,False,True,True,True,2,True,False,False,0.0,0.25,0.0,True,False,0.5538036776887768,0.5139973958333334,0.8242933957146704,0.0911458333333333,0.0911458333333333,0.0,0.0,0.4375,207.71875,260.0,1.0,1.3842915109993914,0.90625,0.767974853515625,1.015625,0.3178812662760417,-0.0234781901041666,1.3333333333333333,0.9088541666666666,0.5538036776887768,0.4461963223112232,54.5243521797897,0.0,0.4375,0.0911458333333333,0.0319010416666666,0.8242933957146704,0.4489542643229167,0.5510457356770834,0.4039551557048912,0.4415683506673207,0.9088541666666666,True,False,transported_identity,16.0,1.0,0.125,1.0
118,localized_persistence,True,True,260.0,0.8185831705729166,0.5640869140625,0.0859375,0.4886691483932246,True,True,True,2,True,False,False,0.25,0.25,0.0,True,True,True,True,True,2,True,False,False,0.25,0.25,0.0,True,True,0.4873310094059055,0.5774739583333334,0.8233887004597444,0.0859375,0.0859375,0.0,0.0859375,0.6770833333333334,237.8125,260.0,2.0,1.1376399649829778,0.9140625,0.8185831705729166,1.015625,0.5640869140625,-0.0055135091145833,2.1666666666666665,0.9140625,0.4873310094059055,0.5126689905940945,150.33412392088954,0.0859375,0.6770833333333334,0.0859375,0.0859375,0.8233887004597444,0.5388387044270834,0.4611612955729167,0.4321460199177407,0.4886691483932246,0.9140625,True,True,localized_persistence,16.0,1.0,0.9375,1.0
122,transported_identity,True,False,217.33333333333331,0.7763468424479166,0.2498982747395833,0.2498697916666666,0.27428250731583,True,True,True,2,True,False,False,0.0,0.25,0.0,True,False,True,True,True,2,True,False,False,0.0,0.25,0.0,True,False,0.3305278139819431,0.3052775065104167,0.7477306515738767,0.1979166666666666,0.1979166666666666,0.0,0.1979166666666666,0.3619791666666667,139.90625,217.33333333333331,1.6666666666666667,1.3775634323964532,1.0,0.7763468424479166,0.8489583333333334,0.2498982747395833,-0.03802490234375,0.5,0.8020833333333334,0.3305278139819431,0.6694721860180568,166666675.95389688,0.1979166666666666,0.3619791666666667,0.3463541666666667,0.2498697916666666,0.7477306515738767,0.2815958658854167,0.7184041341145834,0.4386854104875773,0.27428250731583,0.8020833333333334,True,False,transported_identity,16.0,1.0,0.25,1.0
126,transported_identity,True,False,139.33333333333334,0.7672526041666666,0.2598470052083333,0.3860677083333333,0.094407526683902,True,True,True,2,True,False,False,0.0,0.5,0.0,True,False,True,True,True,2,True,False,False,0.0,0.5,0.0,True,False,0.2365687428436081,0.1922098795572916,0.5425994123764891,0.4088541666666667,0.4088541666666667,0.0,0.4088541666666667,0.40625,93.47916666666669,139.33333333333334,1.8333333333333333,1.2940386809278832,0.8333333333333334,0.7672526041666666,0.5442708333333334,0.2598470052083333,-0.0400390625,0.3333333333333333,0.5911458333333334,0.2365687428436081,0.7634312571563919,9.019362758924595,0.4088541666666667,0.40625,0.34375,0.3860677083333333,0.5425994123764891,0.10198974609375,0.89801025390625,0.232830312704859,0.094407526683902,0.5911458333333333,True,False,transported_identity,16.0,1.0,0.1875,1.0
129,transported_identity,True,False,122.66666666666669,0.7718912760416666,0.2515665690104167,0.3946614583333334,0.0896371126120414,True,True,True,2,True,False,False,0.0,0.5,0.0,True,False,True,True,True,2,True,False,False,0.0,0.5,0.0,True,False,0.7641591667046653,0.8030192057291666,0.5359820811237275,0.0,0.0,0.4192708333333333,0.4192708333333333,0.4192708333333333,76.05208333333333,122.66666666666669,3.1666666666666665,2.227867157082987,0.8333333333333334,0.7718912760416666,0.4791666666666667,0.2515665690104167,-0.0415852864583333,0.5,0.5807291666666666,0.7641591667046653,0.2358408332953347,9.07427889598899,0.4192708333333333,0.4192708333333333,0.3489583333333333,0.3946614583333334,0.5359820811237275,0.0950520833333333,0.9049479166666666,0.1167092022541687,0.0896371126120414,1.0,True,False,transported_identity,16.0,1.0,0.0625,1.0
131,localized_persistence,True,True,260.0,0.8243204752604166,0.5714925130208334,0.0833333333333333,0.490451039391774,True,True,True,2,True,False,False,0.25,0.25,0.0,True,True,True,True,True,2,True,False,False,0.25,0.25,0.0,True,True,0.5106353957674692,0.424224853515625,0.8250518880592543,0.0,0.0,0.0833333333333333,0.0833333333333333,0.7161458333333334,229.51041666666663,260.0,1.0,0.7246379716306933,0.90625,0.8243204752604166,1.015625,0.5714925130208334,-0.00604248046875,2.333333333333333,0.9166666666666666,0.5106353957674692,0.4893646042325308,147.11033645391092,0.0833333333333333,0.7161458333333334,0.0833333333333333,0.0833333333333333,0.8250518880592543,0.54022216796875,0.45977783203125,0.5811396883621519,0.490451039391774,1.0,True,True,localized_persistence,16.0,1.0,0.125,1.0
145,localized_persistence,True,True,260.0,0.8140055338541666,0.57952880859375,0.0625,0.504433861805153,True,True,True,2,True,False,False,0.25,0.25,0.0,True,True,True,True,True,2,True,False,False,0.25,0.25,0.0,True,True,0.5003411160678096,0.40960693359375,0.8431154237535564,0.0,0.0,0.0625,0.0625,0.6927083333333334,237.60416666666663,260.0,1.0,0.7196030394216916,0.9322916666666666,0.8140055338541666,1.015625,0.57952880859375,-0.0022989908854166,2.5,0.9375,0.5003411160678096,0.4996588839321903,148.1412522328467,0.0625,0.6927083333333334,0.0625,0.0625,0.8431154237535564,0.5536092122395834,0.4463907877604167,0.5938898974792024,0.504433861805153,1.0,True,True,localized_persistence,16.0,1.0,0.0,1.0
161,transported_identity,True,False,160.0,0.7761433919270834,0.2494913736979166,0.2125,0.0955833266579259,True,True,True,2,True,False,False,0.0,0.25,0.0,True,False,True,True,True,2,True,False,False,0.0,0.25,0.0,True,False,0.7129239924686893,0.7916768391927084,0.6669375156790017,0.0,0.0,0.234375,0.234375,0.234375,120.75,160.0,3.5,2.497940186883453,1.0,0.7761433919270834,0.625,0.2494913736979166,-0.0414835611979166,0.1666666666666666,0.765625,0.7129239924686893,0.2870760075313108,10.06473967261446,0.234375,0.234375,0.171875,0.2125,0.6669375156790017,0.1045125325520833,0.8954874674479166,0.1623841655373052,0.0955833266579259,1.0,True,False,transported_identity,16.0,1.0,0.0625,1.0
163,transported_identity,False,False,260.0,0.843597412109375,0.182403564453125,0.0592447916666666,0.9004358950904336,True,True,True,2,True,False,False,0.25,0.0,0.0,False,False,True,True,True,2,True,False,False,0.25,0.0,0.0,False,False,0.5150128672558973,0.455780029296875,0.9220253236854836,0.0,0.0,0.0,0.0,0.0,259.8125,260.0,1.0,0.0316481061013332,1.0,0.843597412109375,1.015625,0.182403564453125,-0.0530598958333333,0.0,1.0,0.5150128672558973,0.4849871327441026,500000075.03191847,0.0,0.0,0.1692708333333333,0.0592447916666666,0.9220253236854836,0.91156005859375,0.08843994140625,0.8508519804177448,0.9004358950904336,1.0,False,False,transported_identity,16.0,1.0,0.25,1.0
167,transported_identity,True,True,238.66666666666663,0.7532755533854166,0.2655029296875,0.17109375,0.3702689779742865,True,True,True,2,True,False,False,0.25,0.25,0.0,True,True,True,True,True,2,True,False,False,0.25,0.25,0.0,True,True,0.8299811891390038,0.6846516927083334,0.5248870937619919,0.0,0.0,0.1692708333333333,0.1692708333333333,0.1692708333333333,237.88541666666663,238.66666666666663,1.3333333333333333,1.45253772587801,1.0,0.7532755533854166,0.9322916666666666,0.2655029296875,-0.0505574544270833,0.1666666666666666,0.8307291666666666,0.8299811891390038,0.1700188108609962,15.898029364432924,0.1692708333333333,0.1692708333333333,0.1744791666666666,0.17109375,0.5248870937619919,0.57196044921875,0.42803955078125,0.2552158525234356,0.3702689779742865,1.0,True,True,transported_identity,16.0,1.0,0.75,1.0
169,transported_identity,False,False,238.66666666666663,0.7366536458333334,0.2882486979166667,0.0,0.2967665280473968,True,True,True,2,True,False,False,0.25,0.0,0.0,False,False,True,True,True,2,True,False,False,0.25,0.0,0.0,False,False,0.7265638853634687,0.7137451171875,0.6244321274987193,0.0,0.0,0.0,0.0,0.0,221.3125,238.66666666666663,2.1666666666666665,2.13760233236678,1.0,0.7366536458333334,0.9322916666666666,0.2882486979166667,-0.0415445963541666,0.0,1.0,0.7265638853634687,0.2734361146365312,43.06516934394921,0.0,0.0,0.0,0.0,0.6244321274987193,0.3106892903645833,0.6893107096354166,0.3119528790331168,0.2967665280473968,1.0,False,False,transported_identity,16.0,1.0,0.9375,1.0
177,transported_identity,False,False,260.0,0.8415018717447916,0.181610107421875,0.0592447916666666,0.9007136224441931,True,True,True,2,True,False,False,0.25,0.0,0.0,False,False,True,True,True,2,True,False,False,0.25,0.0,0.0,False,False,0.515040614107085,0.455902099609375,0.9222675185108876,0.0,0.0,0.0,0.0,0.0,259.8541666666667,260.0,1.0,0.0321731474345261,1.0,0.8415018717447916,1.015625,0.181610107421875,-0.0535888671875,0.0,1.0,0.515040614107085,0.484959385892915,500000070.14232737,0.0,0.0,0.1692708333333333,0.0592447916666666,0.9222675185108876,0.91180419921875,0.08819580078125,0.8508993576039429,0.9007136224441931,1.0,False,False,transported_identity,16.0,1.0,0.1875,1.0
181,transported_identity,True,True,238.66666666666663,0.751068115234375,0.2666524251302083,0.1717447916666666,0.3645899811613991,True,True,True,2,True,False,False,0.25,0.25,0.0,True,True,True,True,True,2,True,False,False,0.25,0.25,0.0,True,True,0.8310082184510782,0.6857096354166666,0.5214992736850137,0.0,0.0,0.1744791666666666,0.1744791666666666,0.1744791666666666,237.5,238.66666666666663,1.3333333333333333,1.4365096484107662,1.0,0.751068115234375,0.9322916666666666,0.2666524251302083,-0.05096435546875,0.1666666666666666,0.8255208333333334,0.8310082184510782,0.1689917815489218,15.502262222905294,0.1744791666666666,0.1744791666666666,0.1666666666666666,0.1717447916666666,0.5214992736850137,0.5699259440104166,0.4300740559895833,0.2512817680757654,0.3645899811613991,1.0,True,True,transported_identity,16.0,1.0,0.625,1.0
188,transported_identity,True,True,260.0,0.72705078125,0.2853800455729167,0.0583333333333333,0.3166464007458163,True,True,True,2,True,False,False,0.5,0.25,0.0,True,True,True,True,True,2,True,False,False,0.5,0.25,0.0,True,True,0.6281110117871473,0.8105875651041666,0.6542186366263719,0.0,0.0,0.0,0.0,0.0,259.9895833333333,260.0,2.6666666666666665,1.1142868536128905,1.0,0.72705078125,1.015625,0.2853800455729167,-0.0525105794270833,0.0,1.0,0.6281110117871473,0.3718889882128526,166666709.13625282,0.0,0.0,0.1666666666666666,0.0583333333333333,0.6542186366263719,0.3788248697916667,0.6211751302083334,0.2598212935211048,0.3166464007458163,1.0,True,True,transported_identity,14.0,1.0,1.0,0.875
225,transported_identity,False,False,238.66666666666663,0.7397969563802084,0.2851053873697917,0.0,0.3036916264286044,True,True,True,2,True,False,False,0.25,0.0,0.0,False,False,True,True,True,2,True,False,False,0.25,0.0,0.0,False,False,0.7250034515341278,0.7112630208333334,0.6281888377156833,0.0,0.0,0.0,0.0,0.0,217.40625,238.66666666666663,2.0,2.1050329621815744,1.0,0.7397969563802084,0.9322916666666666,0.2851053873697917,-0.03472900390625,0.0,1.0,0.7250034515341278,0.2749965484658723,43.29962937272531,0.0,0.0,0.0,0.0,0.6281888377156833,0.3178914388020833,0.6821085611979166,0.3190024589356482,0.3036916264286044,1.0,False,False,transported_identity,16.0,1.0,0.9375,1.0
230,transported_identity,True,True,260.0,0.7270406087239584,0.2869160970052083,0.0583333333333333,0.3177239422173916,True,True,True,2,True,False,False,0.5,0.25,0.0,True,True,True,True,True,2,True,False,False,0.5,0.25,0.0,True,True,0.6276741868945566,0.810089111328125,0.655099586943206,0.0,0.0,0.0,0.0,0.0,259.9895833333333,260.0,2.833333333333333,1.1081660896309011,1.0,0.7270406087239584,1.015625,0.2869160970052083,-0.0518595377604166,0.0,1.0,0.6276741868945566,0.3723258131054434,166666707.81295353,0.0,0.0,0.1666666666666666,0.0583333333333333,0.655099586943206,0.37982177734375,0.62017822265625,0.260528373219021,0.3177239422173916,1.0,True,True,transported_identity,15.0,1.0,0.9375,0.9375
