rule_id,stratum,reclassification,adjusted_persistence,resolved
q3g3_s7_00001,S7_symmetric_control,symmetric_fakeout,-0.030851557787559075,True
q3g3_s7_00003,S7_symmetric_control,symmetric_fakeout,-0.12839199917971575,True
q3g3_s7_00004,S7_symmetric_control,symmetric_fakeout,0.039196364039725304,True
q3g3_s7_00005,S7_symmetric_control,symmetric_fakeout,-0.1703209249135815,True
q3g3_s7_00006,S7_symmetric_control,symmetric_fakeout,-0.0909817478484592,True
q3g3_s7_00008,S7_symmetric_control,symmetric_fakeout,0.01531437235589038,True
q3g3_s7_00010,S7_symmetric_control,symmetric_fakeout,-0.12059281485952664,True
q3g3_s7_00011,S7_symmetric_control,symmetric_fakeout,-0.0614622013724532,True
q3g3_s7_00013,S7_symmetric_control,symmetric_fakeout,-0.06898740662671186,True
q3g3_s7_00014,S7_symmetric_control,symmetric_fakeout,-0.1047279019495335,True
q3g3_s7_00015,S7_symmetric_control,symmetric_fakeout,-0.02828789893992635,True
q3g3_s7_00016,S7_symmetric_control,symmetric_fakeout,-0.004461601885182104,True
q3g3_s7_00017,S7_symmetric_control,symmetric_fakeout,-0.014738537940922544,True
q3g3_s7_00018,S7_symmetric_control,symmetric_fakeout,-0.06382442290310722,True
q3g3_s7_00019,S7_symmetric_control,symmetric_fakeout,-0.016755801838375828,True
q3g3_s7_00024,S7_symmetric_control,symmetric_fakeout,-0.09193101211205972,True
q3g3_s7_00025,S7_symmetric_control,symmetric_fakeout,-0.009654475023101627,True
q3g3_s7_00026,S7_symmetric_control,symmetric_fakeout,0.028177577580889915,True
q3g3_s7_00027,S7_symmetric_control,symmetric_fakeout,0.002792424982096073,True
q3g3_s7_00028,S7_symmetric_control,symmetric_fakeout,0.061976501747594746,True
q3g3_s7_00030,S7_symmetric_control,symmetric_fakeout,0.006090580995745512,True
q3g3_s7_00032,S7_symmetric_control,symmetric_fakeout,0.009773465710540219,True
q3g3_s7_00033,S7_symmetric_control,symmetric_fakeout,0.003939475040994761,True
q3g3_s7_00034,S7_symmetric_control,symmetric_fakeout,-0.01708514060408957,True
q3g3_s7_00036,S7_symmetric_control,symmetric_fakeout,-0.02487070690201984,True
q3g3_s7_00039,S7_symmetric_control,symmetric_fakeout,0.03494720608541803,True
q3g3_s7_00040,S7_symmetric_control,symmetric_fakeout,-0.00334009841190569,True
q3g3_s7_00041,S7_symmetric_control,symmetric_fakeout,0.0023761945906447673,True
q3g3_s7_00043,S7_symmetric_control,symmetric_fakeout,-0.05252593917421558,True
q3g3_s7_00044,S7_symmetric_control,symmetric_fakeout,-0.026982005777983584,True
q3g3_s7_00045,S7_symmetric_control,symmetric_fakeout,0.0010342059525623448,True
q3g3_s7_00048,S7_symmetric_control,symmetric_fakeout,0.01661891360068811,True
q3g3_s7_00049,S7_symmetric_control,symmetric_fakeout,-0.1014803150593912,True
q3g3_s7_00052,S7_symmetric_control,symmetric_fakeout,-0.07071515296418132,True
q3g3_s7_00054,S7_symmetric_control,symmetric_fakeout,0.027731914105384142,True
q3g3_s7_00056,S7_symmetric_control,symmetric_fakeout,-0.029648459375178113,True
q3g3_s7_00059,S7_symmetric_control,symmetric_fakeout,0.023016468416646535,True
q3g3_s7_00060,S7_symmetric_control,symmetric_fakeout,-0.09288145845727445,True
q3g3_s7_00061,S7_symmetric_control,symmetric_fakeout,0.06689240523593806,True
q3g3_s7_00062,S7_symmetric_control,symmetric_fakeout,-0.09622940725755819,True
q3g3_s7_00064,S7_symmetric_control,symmetric_fakeout,-0.05445108953810192,True
q3g3_s7_00065,S7_symmetric_control,symmetric_fakeout,-0.06647748107022025,True
q3g3_s7_00066,S7_symmetric_control,symmetric_fakeout,-0.09048220167030552,True
q3g3_s7_00067,S7_symmetric_control,symmetric_fakeout,-0.14294219020231935,True
q3g3_s7_00068,S7_symmetric_control,symmetric_fakeout,-0.1293419220361412,True
q3g3_s7_00069,S7_symmetric_control,symmetric_fakeout,0.020354514849555097,True
q3g3_s7_00071,S7_symmetric_control,symmetric_fakeout,-0.09569038327316592,True
q3g3_s7_00072,S7_symmetric_control,symmetric_fakeout,-0.07880895907380256,True
q3g3_s7_00073,S7_symmetric_control,symmetric_fakeout,-0.16165942912477652,True
q3g3_s7_00074,S7_symmetric_control,symmetric_fakeout,-0.029549386023743435,True
q3g3_s7_00075,S7_symmetric_control,symmetric_fakeout,0.0016335071952185976,True
q3g3_s7_00076,S7_symmetric_control,symmetric_fakeout,0.04396890691045596,True
q3g3_s7_00078,S7_symmetric_control,symmetric_fakeout,-0.10636935384884824,True
q3g3_s7_00079,S7_symmetric_control,symmetric_fakeout,-0.039857794153560555,True
q3g3_s7_00082,S7_symmetric_control,symmetric_fakeout,0.10887624582485625,True
q3g3_s7_00083,S7_symmetric_control,symmetric_fakeout,-0.011739156035847007,True
q3g3_s7_00084,S7_symmetric_control,symmetric_fakeout,-0.08358970065699858,True
q3g3_s7_00086,S7_symmetric_control,symmetric_fakeout,-0.0348308955284104,True
q3g3_s7_00087,S7_symmetric_control,symmetric_fakeout,-0.048595145207545584,True
q3g3_s7_00088,S7_symmetric_control,symmetric_fakeout,-0.036584693205484034,True
q3g3_s7_00089,S7_symmetric_control,symmetric_fakeout,-0.04074869212577044,True
q3g3_s7_00091,S7_symmetric_control,symmetric_fakeout,-0.043766688368263446,True
q3g3_s7_00092,S7_symmetric_control,symmetric_fakeout,0.0033424624593204055,True
q3g3_s7_00093,S7_symmetric_control,symmetric_fakeout,-0.006027576666232312,True
q3g3_s7_00094,S7_symmetric_control,symmetric_fakeout,-0.06820861614231465,True
q3g3_s7_00098,S7_symmetric_control,symmetric_fakeout,-0.0637136795598006,True
q3g3_s7_00099,S7_symmetric_control,symmetric_fakeout,-0.1324612758874702,True
q3g3_s7_00100,S7_symmetric_control,symmetric_fakeout,-0.0021062331101291687,True
q3g3_s7_00101,S7_symmetric_control,symmetric_fakeout,-0.05019140074708092,True
q3g3_s7_00104,S7_symmetric_control,symmetric_fakeout,-0.03740547961324292,True
q3g3_s7_00106,S7_symmetric_control,symmetric_fakeout,-0.03786573541700043,True
q3g3_s7_00107,S7_symmetric_control,symmetric_fakeout,-0.03461642038740771,True
q3g3_s7_00110,S7_symmetric_control,symmetric_fakeout,-0.14687692229233973,True
q3g3_s7_00112,S7_symmetric_control,symmetric_fakeout,-0.11593180274476148,True
q3g3_s7_00113,S7_symmetric_control,symmetric_fakeout,-0.10724805473777782,True
q3g3_s7_00114,S7_symmetric_control,symmetric_fakeout,-0.023219648326342712,True
q3g3_s7_00115,S7_symmetric_control,symmetric_fakeout,-0.07278576087393605,True
q3g3_s7_00116,S7_symmetric_control,symmetric_fakeout,-0.09193101211205972,True
q3g3_s7_00121,S7_symmetric_control,symmetric_fakeout,-0.01930005542647724,True
q3g3_s7_00123,S7_symmetric_control,symmetric_fakeout,-0.017702206275350893,True
q3g3_s7_00124,S7_symmetric_control,symmetric_fakeout,-0.05909422301870859,True
q3g3_s8_00004,S8_self_only_control,self_persistence_fakeout,-0.07564075222086213,True
q3g3_s8_00012,S8_self_only_control,self_persistence_fakeout,-0.14290962944287625,True
q3g3_s8_00018,S8_self_only_control,self_persistence_fakeout,0.002264818701479273,True
q3g3_s8_00036,S8_self_only_control,self_persistence_fakeout,-0.07878566983904511,True
q3g3_s8_00044,S8_self_only_control,self_persistence_fakeout,-0.10137633049528888,True
q3g3_s8_00048,S8_self_only_control,self_persistence_fakeout,-0.07059717908047924,True
q3g3_s8_00060,S8_self_only_control,self_persistence_fakeout,-0.013861801964971558,True
q3g3_s8_00063,S8_self_only_control,self_persistence_fakeout,-0.09905417408688047,True
q3g3_s8_00070,S8_self_only_control,self_persistence_fakeout,-0.06235229689938198,True
q3g3_s8_00077,S8_self_only_control,self_persistence_fakeout,-0.0833837699602287,True
q3g3_s8_00084,S8_self_only_control,self_persistence_fakeout,-0.08879298468272262,True
q3g3_s8_00086,S8_self_only_control,self_persistence_fakeout,-0.035789998056326086,True
q3g3_s8_00090,S8_self_only_control,self_persistence_fakeout,-0.03056582738819175,True
q3g3_s8_00099,S8_self_only_control,self_persistence_fakeout,-0.11212249395742245,True
q3g3_s8_00102,S8_self_only_control,self_persistence_fakeout,-0.09178051220429534,True
q3g3_s8_00103,S8_self_only_control,self_persistence_fakeout,-0.10335332181942891,True
q3g3_s8_00111,S8_self_only_control,self_persistence_fakeout,-0.08055494595920365,True
q3g3_s8_00113,S8_self_only_control,self_persistence_fakeout,0.0,True
