space,rule_id,T,ring_size,confirmed_rate,recurrence_up_to_shift,motif_material_turnover,frozen_order_index,chaos_index
ECA_anchor,ECA_0,512,256,0.0,1.0,0.0,1.0,0.0
ECA_anchor,ECA_109,512,256,0.5,0.7552388509114584,0.3342793782552083,0.028255208333333334,0.4451165324918696
ECA_anchor,ECA_118,512,256,0.0,0.8118998209635416,0.5640767415364584,0.08333333333333333,0.5293742642896679
ECA_anchor,ECA_12,512,256,0.0,1.0,0.0,1.0,0.2781647826194192
ECA_anchor,ECA_131,512,256,0.0,0.810394287109375,0.5837910970052084,0.059895833333333336,0.5454154962725727
ECA_anchor,ECA_145,512,256,0.0,0.8223470052083334,0.5568440755208334,0.1015625,0.5162592521176446
ECA_anchor,ECA_163,512,256,0.0,1.0,0.0,0.3499999999999999,0.8971271039486335
ECA_anchor,ECA_169,512,256,0.3333333333333333,0.77593994140625,0.24509684244791666,0.09205729166666665,0.3091644106144605
ECA_anchor,ECA_170,512,256,0.0,1.0,0.0,0.3499999999999999,0.30088722155580133
ECA_anchor,ECA_177,512,256,0.0,1.0,0.0,0.3499999999999999,0.8971130417854841
ECA_anchor,ECA_188,512,256,0.0,1.0,0.0,0.3499999999999999,0.33799823772123255
ECA_anchor,ECA_225,512,256,0.3333333333333333,0.7701416015625,0.251953125,0.08658854166666667,0.3010326668632388
ECA_anchor,ECA_230,512,256,0.0,1.0,0.0,0.3499999999999999,0.3362717552655057
ECA_anchor,ECA_240,512,256,0.0,1.0,0.0,0.3499999999999999,0.301482728466396
ECA_anchor,ECA_32,512,256,0.0,1.0,0.0,1.0,0.0
ECA_anchor,ECA_36,512,256,0.0,1.0,0.0,1.0,0.018721704873793706
ECA_anchor,ECA_4,512,256,0.0,1.0,0.0,1.0,0.2160790395280557
ECA_anchor,ECA_44,512,256,0.0,1.0,0.0,1.0,0.0667219664330101
ECA_anchor,ECA_51,512,256,0.0,1.0,0.0,0.3499999999999999,0.31864414408939384
ECA_anchor,ECA_54,512,256,0.3333333333333333,0.8593343098958334,0.2548828125,0.20976562499999998,0.41311736999331
ECA_anchor,ECA_57,512,256,0.0,0.7639363606770834,0.23606363932291666,0.17499999999999996,0.9883151041786111
ECA_anchor,ECA_60,512,256,0.0,1.0,0.0,1.0,0.0
ECA_anchor,ECA_61,512,256,0.16666666666666666,0.8305562337239584,0.20189412434895834,0.0009114583333333332,0.15395521639000134
ECA_anchor,ECA_62,512,256,0.0,0.8145751953125,0.56280517578125,0.09114583333333333,0.5230935125184797
ECA_anchor,ECA_64,512,256,0.0,1.0,0.0,1.0,0.0
ECA_anchor,ECA_72,512,256,0.0,1.0,0.0,1.0,0.014960616680238901
ECA_anchor,ECA_73,512,256,0.5,0.7479654947916666,0.3022664388020833,0.030078124999999997,0.4402117935280699
ECA_anchor,ECA_77,512,256,0.0,1.0,0.0,1.0,0.9469279079964638
ECA_anchor,ECA_8,512,256,0.0,1.0,0.0,1.0,0.0
ECA_anchor,ECA_90,512,256,0.0,1.0,0.0,1.0,0.0
q2_radius2,q2r2_s1_0001,512,256,0.0,0.5690714518229166,0.47930908203125,0.0026041666666666665,0.3797161558400807
q2_radius2,q2r2_s1_0004,512,256,0.6666666666666666,0.7060343424479166,0.45611572265625,0.09635416666666667,0.27717064800318086
q2_radius2,q2r2_s1_0017,512,256,0.0,0.6931355794270834,0.4679972330729167,0.031901041666666664,0.34865448148629613
q2_radius2,q2r2_s1_0022,512,256,0.0,0.5632832845052084,0.505828857421875,0.0,0.4007793473623926
q2_radius2,q2r2_s1_0043,512,256,0.5,0.8573201497395834,0.14306640625,0.11757812499999999,0.2639048388494356
q2_radius2,q2r2_s1_0046,512,256,0.0,0.5906473795572916,0.481597900390625,0.0,0.43571837304790223
q2_radius2,q2r2_s2_0007,512,256,0.6666666666666666,0.721038818359375,0.4930318196614583,0.0018229166666666665,0.32408176764412305
q2_radius2,q2r2_s2_0010,512,256,0.0,0.5547688802083334,0.4897664388020833,0.0,0.4833026025181555
q2_radius2,q2r2_s2_0017,512,256,0.16666666666666666,0.8422139485677084,0.17731730143229166,0.2661458333333333,0.2705358508559814
q2_radius2,q2r2_s2_0046,512,256,0.16666666666666666,0.6751200358072916,0.3670145670572917,0.09479166666666666,0.2820846674444378
q2_radius2,q2r2_s2_0047,512,256,0.0,0.6148681640625,0.4565836588541667,0.0,0.3469787507183106
q2_radius2,q2r2_s3_0001,512,256,0.16666666666666666,0.5988566080729166,0.43896484375,0.08854166666666667,0.29512889038183804
q2_radius2,q2r2_s3_0002,512,256,0.16666666666666666,0.6219584147135416,0.4227396647135417,0.047526041666666664,0.1820821408027006
q2_radius2,q2r2_s3_0003,512,256,0.0,0.5632120768229166,0.48016357421875,0.0,0.40661760460547086
q2_radius2,q2r2_s3_0004,512,256,0.0,0.576324462890625,0.4752909342447917,0.0,0.3906622125199382
q2_radius2,q2r2_s3_0011,512,256,0.0,0.55462646484375,0.4978841145833333,0.0,0.3874405939128756
q2_radius2,q2r2_s3_0020,512,256,0.0,0.5572306315104166,0.5,0.0,0.420182906716226
q2_radius2,q2r2_s3_0022,512,256,0.0,0.55560302734375,0.4940592447916667,0.0,0.4211953959810313
q2_radius2,q2r2_s3_0044,512,256,0.0,0.576385498046875,0.4932149251302083,0.0,0.39155651801801544
q2_radius2,q2r2_s4_0018,512,256,0.0,0.6054789225260416,0.456939697265625,0.0,0.31764352148522296
q2_radius2,q2r2_s4_0027,512,256,0.0,0.629852294921875,0.4229838053385417,0.0,0.3494301885401368
q2_radius2,q2r2_s4_0030,512,256,0.3333333333333333,0.6999613444010416,0.6168924967447916,0.0,0.35386602855429744
q2_radius2,q2r2_s4_0034,512,256,0.16666666666666666,0.6468709309895834,0.58319091796875,0.0,0.5571560414524157
q2_radius2,q2r2_s5_0021,512,256,0.16666666666666666,0.62591552734375,0.4307657877604167,0.10130208333333333,0.30961189667478967
q2_radius2,q2r2_s5_0025,512,256,0.16666666666666666,0.9055887858072916,0.2834574381510417,0.144921875,0.374786998795843
q2_radius2,q2r2_s5_0026,512,256,0.16666666666666666,0.825775146484375,0.19804890950520834,0.19505208333333332,0.5030618630002981
q2_radius2,q2r2_s5_0027,512,256,0.0,0.5640462239583334,0.4943644205729167,0.0,0.3792267881345252
q2_radius2,q2r2_s5_0029,512,256,0.0,0.5778605143229166,0.48187255859375,0.0,0.37949865193105065
q2_radius2,q2r2_s6_0033,512,256,0.0,0.556060791015625,0.507598876953125,0.0,0.2942842899814177
q2_radius2,q2r2_s7_0005,512,256,0.0,0.65057373046875,0.3910929361979167,0.171875,0.12053690856762732
q3_radius1,q3r1_s1_0002,512,256,0.375,0.7294387817382812,0.355224609375,0.00888671875,0.155761345573712
q3_radius1,q3r1_s1_0030,512,256,0.125,0.595489501953125,0.429656982421875,0.04375,0.28852689934045556
q3_radius1,q3r1_s1_0033,512,256,0.0,0.42119598388671875,0.6433029174804688,0.0,0.3693524860907088
q3_radius1,q3r1_s1_0037,512,256,0.125,0.7590560913085938,0.27538299560546875,0.1955078125,0.2642858486657215
q3_radius1,q3r1_s2_0013,512,256,0.0,1.0,0.0,0.35,0.4189467089609488
q3_radius1,q3r1_s2_0033,512,256,0.0,0.6619110107421875,0.4278411865234375,0.00068359375,0.2082158685819269
q3_radius1,q3r1_s2_0037,512,256,0.0,0.9999618530273438,3.814697265625e-05,0.35,0.2565755808167168
q3_radius1,q3r1_s2_0046,512,256,0.375,0.5954513549804688,0.5525360107421875,0.0,0.48181050637818834
q3_radius1,q3r1_s3_0011,512,256,0.0,0.5133743286132812,0.5707015991210938,0.0,0.4287085761947578
q3_radius1,q3r1_s3_0016,512,256,0.0,0.5234222412109375,0.5626983642578125,0.04375,0.5545646618020935
q3_radius1,q3r1_s3_0020,512,256,0.5,0.65380859375,0.37035369873046875,0.0,0.28004182621191726
q3_radius1,q3r1_s3_0047,512,256,0.25,0.6626968383789062,0.366790771484375,0.12373046874999999,0.38603163765997717
q3_radius1,q3r1_s4_0004,512,256,0.0,0.1445159912109375,0.86907958984375,0.0,0.09894964204146169
q3_radius1,q3r1_s4_0006,512,256,0.0,0.46234130859375,0.592041015625,0.005859375,0.38267945619985877
q3_radius1,q3r1_s4_0007,512,256,0.0,0.9817428588867188,0.02088165283203125,0.308984375,0.2632048874824492
q3_radius1,q3r1_s4_0009,512,256,0.125,0.634307861328125,0.42090606689453125,0.1025390625,0.3393187362315616
q3_radius1,q3r1_s4_0014,512,256,0.375,0.8853836059570312,0.16059112548828125,0.15312499999999998,0.09895025749265292
q3_radius1,q3r1_s4_0025,512,256,0.0,1.0,0.0,0.35,0.25496391566796395
q3_radius1,q3r1_s4_0029,512,256,0.0,0.449462890625,0.615234375,0.0,0.4464888776676086
q3_radius1,q3r1_s4_0031,512,256,0.125,0.84405517578125,0.2113189697265625,0.21669921874999998,0.22027433139246055
q3_radius1,q3r1_s4_0046,512,256,0.0,0.6558074951171875,0.37436676025390625,0.04375,0.25708924994712623
q3_radius1,q3r1_s5_0012,512,256,0.25,0.7245254516601562,0.30252838134765625,0.18798828125,0.3124967618492378
q3_radius1,q3r1_s5_0016,512,256,0.75,0.772186279296875,0.2339019775390625,0.015722656249999998,0.1012968315541084
q3_radius1,q3r1_s5_0020,512,256,0.0,0.647369384765625,0.36722564697265625,0.0615234375,0.07488527560982122
q3_radius1,q3r1_s5_0028,512,256,0.0,0.92352294921875,0.07647705078125,0.23583984375,0.3858741639454594
q3_radius1,q3r1_s5_0037,512,256,0.0,0.9980392456054688,0.00199127197265625,0.34042968749999997,0.41946429314240574
q3_radius1,q3r1_s5_0041,512,256,0.0,0.5002670288085938,0.5444259643554688,0.0,0.3740157013793579
q3_radius1,q3r1_s5_0045,512,256,0.0,0.9980926513671875,0.0021514892578125,0.34726562499999997,0.18555194566838445
q3_radius1,q3r1_s7_0002,512,256,0.625,0.8574981689453125,0.15753173828125,0.3904296875,0.11618512032861392
q3_radius1,q3r1_s7_0008,512,256,0.0,0.6819686889648438,0.37145233154296875,0.06767578125,0.20727825291113516
