space,parent_rule_id,control_rule_id,control_type,q,radius,table_digest
q3_radius1,q3r1_s1_0002,q3r1_s1_0002_center_only_projection,center_only_projection,3,1,7bb2e419cbad
q3_radius1,q3r1_s1_0002,q3r1_s1_0002_left_neighbor_removed,left_neighbor_removed,3,1,e0d21290d21e
q3_radius1,q3r1_s1_0002,q3r1_s1_0002_right_neighbor_removed,right_neighbor_removed,3,1,2a6be6efb617
q3_radius1,q3r1_s1_0002,q3r1_s1_0002_left_right_symmetrized_rule,left_right_symmetrized_rule,3,1,be5fdccb4824
q3_radius1,q3r1_s1_0002,q3r1_s1_0002_symbol_phase_only,symbol_phase_only,3,1,7817dd55de54
q3_radius1,q3r1_s1_0002,q3r1_s1_0002_output_histogram_random,output_distribution_matched_random,3,1,8b3c2b7985ee
q3_radius1,q3r1_s1_0002,q3r1_s1_0037,stratum_null_q3r1_s1_0037,3,1,8262d8ab0ce0
q3_radius1,q3r1_s1_0002,q3r1_s1_0045,stratum_null_q3r1_s1_0045,3,1,a1e3934a7e7e
q3_radius1,q3r1_s1_0002,q3r1_s1_0043,stratum_null_q3r1_s1_0043,3,1,60da98a4af85
q3_radius1,q3r1_s1_0002,q3r1_s1_0009,stratum_null_q3r1_s1_0009,3,1,304d403bc145
q3_radius1,q3r1_s1_0002,q3r1_s1_0029,stratum_null_q3r1_s1_0029,3,1,5e688371388a
q3_radius1,q3r1_s1_0002,q3r1_s1_0040,stratum_null_q3r1_s1_0040,3,1,c942e3ea147a
q3_radius1,q3r1_s1_0002,q3r1_s1_0031,stratum_null_q3r1_s1_0031,3,1,cb403f0299a2
q3_radius1,q3r1_s1_0002,q3r1_s1_0044,stratum_null_q3r1_s1_0044,3,1,c715a9db1862
q3_radius1,q3r1_s1_0002,q3r1_s1_0048,stratum_null_q3r1_s1_0048,3,1,e85388ffe421
q3_radius1,q3r1_s1_0002,q3r1_s1_0049,stratum_null_q3r1_s1_0049,3,1,3ea84ab661a1
q3_radius1,q3r1_s2_0046,q3r1_s2_0046_center_only_projection,center_only_projection,3,1,b8b17ad61346
q3_radius1,q3r1_s2_0046,q3r1_s2_0046_left_neighbor_removed,left_neighbor_removed,3,1,a7ea0fedb1b1
q3_radius1,q3r1_s2_0046,q3r1_s2_0046_right_neighbor_removed,right_neighbor_removed,3,1,2f4ec316d4ce
q3_radius1,q3r1_s2_0046,q3r1_s2_0046_left_right_symmetrized_rule,left_right_symmetrized_rule,3,1,943c0b6cf8ac
q3_radius1,q3r1_s2_0046,q3r1_s2_0046_symbol_phase_only,symbol_phase_only,3,1,f18629890708
q3_radius1,q3r1_s2_0046,q3r1_s2_0046_output_histogram_random,output_distribution_matched_random,3,1,e3e71c1780c9
q3_radius1,q3r1_s2_0046,q3r1_s2_0035,stratum_null_q3r1_s2_0035,3,1,a4d244c4a032
q3_radius1,q3r1_s2_0046,q3r1_s2_0041,stratum_null_q3r1_s2_0041,3,1,9e22e7ea002b
q3_radius1,q3r1_s2_0046,q3r1_s2_0024,stratum_null_q3r1_s2_0024,3,1,47a3c8dcd53c
q3_radius1,q3r1_s2_0046,q3r1_s2_0039,stratum_null_q3r1_s2_0039,3,1,57b6f422cb77
q3_radius1,q3r1_s2_0046,q3r1_s2_0028,stratum_null_q3r1_s2_0028,3,1,574580a553f6
q3_radius1,q3r1_s2_0046,q3r1_s2_0038,stratum_null_q3r1_s2_0038,3,1,cc3ab03fa710
q3_radius1,q3r1_s2_0046,q3r1_s2_0019,stratum_null_q3r1_s2_0019,3,1,b3424a96fa9d
q3_radius1,q3r1_s2_0046,q3r1_s2_0023,stratum_null_q3r1_s2_0023,3,1,33e72d81d6b2
q3_radius1,q3r1_s2_0046,q3r1_s2_0012,stratum_null_q3r1_s2_0012,3,1,191dd3d5649d
q3_radius1,q3r1_s2_0046,q3r1_s2_0026,stratum_null_q3r1_s2_0026,3,1,e1ad3a61aaf0
q3_radius1,q3r1_s3_0020,q3r1_s3_0020_center_only_projection,center_only_projection,3,1,b8b17ad61346
q3_radius1,q3r1_s3_0020,q3r1_s3_0020_left_neighbor_removed,left_neighbor_removed,3,1,24588df6adbc
q3_radius1,q3r1_s3_0020,q3r1_s3_0020_right_neighbor_removed,right_neighbor_removed,3,1,195d5d698b2f
q3_radius1,q3r1_s3_0020,q3r1_s3_0020_left_right_symmetrized_rule,left_right_symmetrized_rule,3,1,97f94155cd32
q3_radius1,q3r1_s3_0020,q3r1_s3_0020_symbol_phase_only,symbol_phase_only,3,1,b8b17ad61346
q3_radius1,q3r1_s3_0020,q3r1_s3_0020_output_histogram_random,output_distribution_matched_random,3,1,4d63cbdcebb8
q3_radius1,q3r1_s3_0020,q3r1_s3_0004,stratum_null_q3r1_s3_0004,3,1,b993fcca6d3c
q3_radius1,q3r1_s3_0020,q3r1_s3_0002,stratum_null_q3r1_s3_0002,3,1,f217b03ae5a3
q3_radius1,q3r1_s3_0020,q3r1_s3_0049,stratum_null_q3r1_s3_0049,3,1,cb5fadc0e94d
q3_radius1,q3r1_s3_0020,q3r1_s3_0043,stratum_null_q3r1_s3_0043,3,1,e3e9f940fa7f
q3_radius1,q3r1_s3_0020,q3r1_s3_0011,stratum_null_q3r1_s3_0011,3,1,23c75377cbf9
q3_radius1,q3r1_s3_0020,q3r1_s3_0010,stratum_null_q3r1_s3_0010,3,1,6d532b4a86be
q3_radius1,q3r1_s3_0020,q3r1_s3_0022,stratum_null_q3r1_s3_0022,3,1,86616308e2f5
q3_radius1,q3r1_s3_0020,q3r1_s3_0009,stratum_null_q3r1_s3_0009,3,1,3ad360323594
q3_radius1,q3r1_s3_0020,q3r1_s3_0038,stratum_null_q3r1_s3_0038,3,1,ae7bde96491c
q3_radius1,q3r1_s3_0020,q3r1_s3_0005,stratum_null_q3r1_s3_0005,3,1,959cd751923b
q3_radius1,q3r1_s3_0047,q3r1_s3_0047_center_only_projection,center_only_projection,3,1,b8b17ad61346
q3_radius1,q3r1_s3_0047,q3r1_s3_0047_left_neighbor_removed,left_neighbor_removed,3,1,eb9bad361cac
q3_radius1,q3r1_s3_0047,q3r1_s3_0047_right_neighbor_removed,right_neighbor_removed,3,1,5a738b020d97
q3_radius1,q3r1_s3_0047,q3r1_s3_0047_left_right_symmetrized_rule,left_right_symmetrized_rule,3,1,6034b80826a3
q3_radius1,q3r1_s3_0047,q3r1_s3_0047_symbol_phase_only,symbol_phase_only,3,1,c967f8ab78a0
q3_radius1,q3r1_s3_0047,q3r1_s3_0047_output_histogram_random,output_distribution_matched_random,3,1,a5d3df37b086
q3_radius1,q3r1_s3_0047,q3r1_s3_0017,stratum_null_q3r1_s3_0017,3,1,bebd47c59099
q3_radius1,q3r1_s3_0047,q3r1_s3_0006,stratum_null_q3r1_s3_0006,3,1,5656a0dae9b4
q3_radius1,q3r1_s3_0047,q3r1_s3_0000,stratum_null_q3r1_s3_0000,3,1,951ce5a1ff68
q3_radius1,q3r1_s3_0047,q3r1_s3_0039,stratum_null_q3r1_s3_0039,3,1,eabed77575d7
q3_radius1,q3r1_s3_0047,q3r1_s3_0016,stratum_null_q3r1_s3_0016,3,1,a2d6f0d7d8f8
q3_radius1,q3r1_s3_0047,q3r1_s3_0012,stratum_null_q3r1_s3_0012,3,1,8a5560de0784
q3_radius1,q3r1_s3_0047,q3r1_s3_0021,stratum_null_q3r1_s3_0021,3,1,c9637bd2a20f
q3_radius1,q3r1_s3_0047,q3r1_s3_0003,stratum_null_q3r1_s3_0003,3,1,fe90a4d4196f
q3_radius1,q3r1_s3_0047,q3r1_s3_0024,stratum_null_q3r1_s3_0024,3,1,5d216deee40c
q3_radius1,q3r1_s3_0047,q3r1_s3_0023,stratum_null_q3r1_s3_0023,3,1,e94f9bfdb635
q3_radius1,q3r1_s4_0014,q3r1_s4_0014_center_only_projection,center_only_projection,3,1,1b9239aaaead
q3_radius1,q3r1_s4_0014,q3r1_s4_0014_left_neighbor_removed,left_neighbor_removed,3,1,eae1272372d4
q3_radius1,q3r1_s4_0014,q3r1_s4_0014_right_neighbor_removed,right_neighbor_removed,3,1,5d7b153994dd
q3_radius1,q3r1_s4_0014,q3r1_s4_0014_left_right_symmetrized_rule,left_right_symmetrized_rule,3,1,81202240f40d
q3_radius1,q3r1_s4_0014,q3r1_s4_0014_symbol_phase_only,symbol_phase_only,3,1,6aa205821203
q3_radius1,q3r1_s4_0014,q3r1_s4_0014_output_histogram_random,output_distribution_matched_random,3,1,cfea9ccc3b51
q3_radius1,q3r1_s4_0014,q3r1_s4_0030,stratum_null_q3r1_s4_0030,3,1,f033f114ba9c
q3_radius1,q3r1_s4_0014,q3r1_s4_0032,stratum_null_q3r1_s4_0032,3,1,e295f080a541
q3_radius1,q3r1_s4_0014,q3r1_s4_0001,stratum_null_q3r1_s4_0001,3,1,864f558ef259
q3_radius1,q3r1_s4_0014,q3r1_s4_0006,stratum_null_q3r1_s4_0006,3,1,7162355dedb6
q3_radius1,q3r1_s4_0014,q3r1_s4_0029,stratum_null_q3r1_s4_0029,3,1,fe521d4c294e
q3_radius1,q3r1_s4_0014,q3r1_s4_0031,stratum_null_q3r1_s4_0031,3,1,fad2d4af6c9e
q3_radius1,q3r1_s4_0014,q3r1_s4_0037,stratum_null_q3r1_s4_0037,3,1,4cb20587593b
q3_radius1,q3r1_s4_0014,q3r1_s4_0040,stratum_null_q3r1_s4_0040,3,1,8aa7c567bc78
q3_radius1,q3r1_s4_0014,q3r1_s4_0015,stratum_null_q3r1_s4_0015,3,1,0355025d5b7a
q3_radius1,q3r1_s4_0014,q3r1_s4_0013,stratum_null_q3r1_s4_0013,3,1,055445743678
q3_radius1,q3r1_s5_0012,q3r1_s5_0012_center_only_projection,center_only_projection,3,1,36573a217d23
q3_radius1,q3r1_s5_0012,q3r1_s5_0012_left_neighbor_removed,left_neighbor_removed,3,1,d06cab390ef4
q3_radius1,q3r1_s5_0012,q3r1_s5_0012_right_neighbor_removed,right_neighbor_removed,3,1,1b9a66864161
q3_radius1,q3r1_s5_0012,q3r1_s5_0012_left_right_symmetrized_rule,left_right_symmetrized_rule,3,1,fa344a3b4e99
q3_radius1,q3r1_s5_0012,q3r1_s5_0012_symbol_phase_only,symbol_phase_only,3,1,6cfe45459e29
q3_radius1,q3r1_s5_0012,q3r1_s5_0012_output_histogram_random,output_distribution_matched_random,3,1,96c06afc795f
q3_radius1,q3r1_s5_0012,q3r1_s5_0020,stratum_null_q3r1_s5_0020,3,1,70d5442bdee1
q3_radius1,q3r1_s5_0012,q3r1_s5_0004,stratum_null_q3r1_s5_0004,3,1,a9877b297c82
q3_radius1,q3r1_s5_0012,q3r1_s5_0031,stratum_null_q3r1_s5_0031,3,1,91c9b307081f
q3_radius1,q3r1_s5_0012,q3r1_s5_0041,stratum_null_q3r1_s5_0041,3,1,28b200ac2bad
q3_radius1,q3r1_s5_0012,q3r1_s5_0027,stratum_null_q3r1_s5_0027,3,1,8ea9308ab751
q3_radius1,q3r1_s5_0012,q3r1_s5_0019,stratum_null_q3r1_s5_0019,3,1,27dd2c32e3b4
q3_radius1,q3r1_s5_0012,q3r1_s5_0011,stratum_null_q3r1_s5_0011,3,1,0414f544a320
q3_radius1,q3r1_s5_0012,q3r1_s5_0035,stratum_null_q3r1_s5_0035,3,1,7a0784143cff
q3_radius1,q3r1_s5_0012,q3r1_s5_0001,stratum_null_q3r1_s5_0001,3,1,ad539a65134a
q3_radius1,q3r1_s5_0012,q3r1_s5_0040,stratum_null_q3r1_s5_0040,3,1,72e9f455d480
q3_radius1,q3r1_s5_0016,q3r1_s5_0016_center_only_projection,center_only_projection,3,1,8215a2ef4d3c
q3_radius1,q3r1_s5_0016,q3r1_s5_0016_left_neighbor_removed,left_neighbor_removed,3,1,75acc3677944
q3_radius1,q3r1_s5_0016,q3r1_s5_0016_right_neighbor_removed,right_neighbor_removed,3,1,81a103062654
q3_radius1,q3r1_s5_0016,q3r1_s5_0016_left_right_symmetrized_rule,left_right_symmetrized_rule,3,1,7da932b940cc
q3_radius1,q3r1_s5_0016,q3r1_s5_0016_symbol_phase_only,symbol_phase_only,3,1,6cfe45459e29
q3_radius1,q3r1_s5_0016,q3r1_s5_0016_output_histogram_random,output_distribution_matched_random,3,1,836990d7d46a
q3_radius1,q3r1_s5_0016,q3r1_s5_0000,stratum_null_q3r1_s5_0000,3,1,b9899ecd06be
q3_radius1,q3r1_s5_0016,q3r1_s5_0021,stratum_null_q3r1_s5_0021,3,1,3bbf0401de4a
q3_radius1,q3r1_s5_0016,q3r1_s5_0014,stratum_null_q3r1_s5_0014,3,1,8e348c3b9100
q3_radius1,q3r1_s5_0016,q3r1_s5_0036,stratum_null_q3r1_s5_0036,3,1,44cf69ba0b30
q3_radius1,q3r1_s5_0016,q3r1_s5_0015,stratum_null_q3r1_s5_0015,3,1,c13ef2ca1191
q3_radius1,q3r1_s5_0016,q3r1_s5_0008,stratum_null_q3r1_s5_0008,3,1,ed4ffeb91ce5
q3_radius1,q3r1_s5_0016,q3r1_s5_0034,stratum_null_q3r1_s5_0034,3,1,e4160f63fa13
q3_radius1,q3r1_s5_0016,q3r1_s5_0025,stratum_null_q3r1_s5_0025,3,1,a5d349e28695
q3_radius1,q3r1_s5_0016,q3r1_s5_0033,stratum_null_q3r1_s5_0033,3,1,37a0ac224cc8
q3_radius1,q3r1_s5_0016,q3r1_s5_0022,stratum_null_q3r1_s5_0022,3,1,1b5b78e2c964
q3_radius1,q3r1_s7_0000,q3r1_s7_0000_center_only_projection,center_only_projection,3,1,88d725d26087
q3_radius1,q3r1_s7_0000,q3r1_s7_0000_left_neighbor_removed,left_neighbor_removed,3,1,2740f754d903
q3_radius1,q3r1_s7_0000,q3r1_s7_0000_right_neighbor_removed,right_neighbor_removed,3,1,fa86259a8e1a
q3_radius1,q3r1_s7_0000,q3r1_s7_0000_left_right_symmetrized_rule,left_right_symmetrized_rule,3,1,779feecbd241
q3_radius1,q3r1_s7_0000,q3r1_s7_0000_symbol_phase_only,symbol_phase_only,3,1,50db8db3d7d4
q3_radius1,q3r1_s7_0000,q3r1_s7_0000_output_histogram_random,output_distribution_matched_random,3,1,ce1c63e712f3
q3_radius1,q3r1_s7_0000,q3r1_s7_0015,stratum_null_q3r1_s7_0015,3,1,b927980cc87f
q3_radius1,q3r1_s7_0000,q3r1_s7_0023,stratum_null_q3r1_s7_0023,3,1,39409b7201a9
q3_radius1,q3r1_s7_0000,q3r1_s7_0013,stratum_null_q3r1_s7_0013,3,1,63414d7e5700
q3_radius1,q3r1_s7_0000,q3r1_s7_0014,stratum_null_q3r1_s7_0014,3,1,7bb207d0fa51
q3_radius1,q3r1_s7_0000,q3r1_s7_0006,stratum_null_q3r1_s7_0006,3,1,08fc2046c906
q3_radius1,q3r1_s7_0000,q3r1_s7_0018,stratum_null_q3r1_s7_0018,3,1,0c2a8d3637da
q3_radius1,q3r1_s7_0000,q3r1_s7_0008,stratum_null_q3r1_s7_0008,3,1,b520d0a9bcb9
q3_radius1,q3r1_s7_0000,q3r1_s7_0017,stratum_null_q3r1_s7_0017,3,1,e78479f56d52
q3_radius1,q3r1_s7_0000,q3r1_s7_0005,stratum_null_q3r1_s7_0005,3,1,5d95cd939e2e
q3_radius1,q3r1_s7_0000,q3r1_s7_0003,stratum_null_q3r1_s7_0003,3,1,ce78c2f4578b
q3_radius1,q3r1_s7_0001,q3r1_s7_0001_center_only_projection,center_only_projection,3,1,f7dfab9e6466
q3_radius1,q3r1_s7_0001,q3r1_s7_0001_left_neighbor_removed,left_neighbor_removed,3,1,426aa9568f70
q3_radius1,q3r1_s7_0001,q3r1_s7_0001_right_neighbor_removed,right_neighbor_removed,3,1,49b5259da066
q3_radius1,q3r1_s7_0001,q3r1_s7_0001_left_right_symmetrized_rule,left_right_symmetrized_rule,3,1,8f88f77bede8
q3_radius1,q3r1_s7_0001,q3r1_s7_0001_symbol_phase_only,symbol_phase_only,3,1,f7dfab9e6466
q3_radius1,q3r1_s7_0001,q3r1_s7_0001_output_histogram_random,output_distribution_matched_random,3,1,8b5b1d87bd5a
q3_radius1,q3r1_s7_0001,q3r1_s7_0002,stratum_null_q3r1_s7_0002,3,1,25f9ecd37ab4
q3_radius1,q3r1_s7_0001,q3r1_s7_0009,stratum_null_q3r1_s7_0009,3,1,dcddc810ee91
q3_radius1,q3r1_s7_0001,q3r1_s7_0024,stratum_null_q3r1_s7_0024,3,1,248b08cdcf01
q3_radius1,q3r1_s7_0001,q3r1_s7_0016,stratum_null_q3r1_s7_0016,3,1,987170cb525e
q3_radius1,q3r1_s7_0001,q3r1_s7_0010,stratum_null_q3r1_s7_0010,3,1,cd9ca9f07490
q3_radius1,q3r1_s7_0001,q3r1_s7_0011,stratum_null_q3r1_s7_0011,3,1,2c28c54b5835
q3_radius1,q3r1_s7_0001,q3r1_s7_0012,stratum_null_q3r1_s7_0012,3,1,c5ab620d6aec
q3_radius1,q3r1_s7_0001,q3r1_s7_0020,stratum_null_q3r1_s7_0020,3,1,76a9b16a14b0
q3_radius1,q3r1_s7_0001,q3r1_s7_0022,stratum_null_q3r1_s7_0022,3,1,ea75aa6ea6db
q3_radius1,q3r1_s7_0001,q3r1_s7_0021,stratum_null_q3r1_s7_0021,3,1,3b9db0b47215
q3_radius1,q3r1_s7_0002,q3r1_s7_0002_center_only_projection,center_only_projection,3,1,ae7ed716f8ef
q3_radius1,q3r1_s7_0002,q3r1_s7_0002_left_neighbor_removed,left_neighbor_removed,3,1,5dc2bc7d33f5
q3_radius1,q3r1_s7_0002,q3r1_s7_0002_right_neighbor_removed,right_neighbor_removed,3,1,c8cfe7a12882
q3_radius1,q3r1_s7_0002,q3r1_s7_0002_left_right_symmetrized_rule,left_right_symmetrized_rule,3,1,25f9ecd37ab4
q3_radius1,q3r1_s7_0002,q3r1_s7_0002_symbol_phase_only,symbol_phase_only,3,1,ae7ed716f8ef
q3_radius1,q3r1_s7_0002,q3r1_s7_0002_output_histogram_random,output_distribution_matched_random,3,1,b3a852feba79
q3_radius1,q3r1_s7_0002,q3r1_s7_0001,stratum_null_q3r1_s7_0001,3,1,8f88f77bede8
q3_radius1,q3r1_s7_0002,q3r1_s7_0009,stratum_null_q3r1_s7_0009,3,1,dcddc810ee91
q3_radius1,q3r1_s7_0002,q3r1_s7_0024,stratum_null_q3r1_s7_0024,3,1,248b08cdcf01
q3_radius1,q3r1_s7_0002,q3r1_s7_0016,stratum_null_q3r1_s7_0016,3,1,987170cb525e
q3_radius1,q3r1_s7_0002,q3r1_s7_0010,stratum_null_q3r1_s7_0010,3,1,cd9ca9f07490
q3_radius1,q3r1_s7_0002,q3r1_s7_0011,stratum_null_q3r1_s7_0011,3,1,2c28c54b5835
q3_radius1,q3r1_s7_0002,q3r1_s7_0012,stratum_null_q3r1_s7_0012,3,1,c5ab620d6aec
q3_radius1,q3r1_s7_0002,q3r1_s7_0020,stratum_null_q3r1_s7_0020,3,1,76a9b16a14b0
q3_radius1,q3r1_s7_0002,q3r1_s7_0022,stratum_null_q3r1_s7_0022,3,1,ea75aa6ea6db
q3_radius1,q3r1_s7_0002,q3r1_s7_0021,stratum_null_q3r1_s7_0021,3,1,3b9db0b47215
q3_radius1,q3r1_s7_0003,q3r1_s7_0003_center_only_projection,center_only_projection,3,1,88d725d26087
q3_radius1,q3r1_s7_0003,q3r1_s7_0003_left_neighbor_removed,left_neighbor_removed,3,1,55a4e4dc8eb8
q3_radius1,q3r1_s7_0003,q3r1_s7_0003_right_neighbor_removed,right_neighbor_removed,3,1,cd8d3952c279
q3_radius1,q3r1_s7_0003,q3r1_s7_0003_left_right_symmetrized_rule,left_right_symmetrized_rule,3,1,ce78c2f4578b
q3_radius1,q3r1_s7_0003,q3r1_s7_0003_symbol_phase_only,symbol_phase_only,3,1,0ebe967c16f0
q3_radius1,q3r1_s7_0003,q3r1_s7_0003_output_histogram_random,output_distribution_matched_random,3,1,dc119e263ff8
q3_radius1,q3r1_s7_0003,q3r1_s7_0008,stratum_null_q3r1_s7_0008,3,1,b520d0a9bcb9
q3_radius1,q3r1_s7_0003,q3r1_s7_0017,stratum_null_q3r1_s7_0017,3,1,e78479f56d52
q3_radius1,q3r1_s7_0003,q3r1_s7_0005,stratum_null_q3r1_s7_0005,3,1,5d95cd939e2e
q3_radius1,q3r1_s7_0003,q3r1_s7_0012,stratum_null_q3r1_s7_0012,3,1,c5ab620d6aec
q3_radius1,q3r1_s7_0003,q3r1_s7_0020,stratum_null_q3r1_s7_0020,3,1,76a9b16a14b0
q3_radius1,q3r1_s7_0003,q3r1_s7_0022,stratum_null_q3r1_s7_0022,3,1,ea75aa6ea6db
q3_radius1,q3r1_s7_0003,q3r1_s7_0018,stratum_null_q3r1_s7_0018,3,1,0c2a8d3637da
q3_radius1,q3r1_s7_0003,q3r1_s7_0011,stratum_null_q3r1_s7_0011,3,1,2c28c54b5835
q3_radius1,q3r1_s7_0003,q3r1_s7_0006,stratum_null_q3r1_s7_0006,3,1,08fc2046c906
q3_radius1,q3r1_s7_0003,q3r1_s7_0015,stratum_null_q3r1_s7_0015,3,1,b927980cc87f
q3_radius1,q3r1_s7_0004,q3r1_s7_0004_center_only_projection,center_only_projection,3,1,c967f8ab78a0
q3_radius1,q3r1_s7_0004,q3r1_s7_0004_left_neighbor_removed,left_neighbor_removed,3,1,b3712f192c98
q3_radius1,q3r1_s7_0004,q3r1_s7_0004_right_neighbor_removed,right_neighbor_removed,3,1,e54b429cdf7e
q3_radius1,q3r1_s7_0004,q3r1_s7_0004_left_right_symmetrized_rule,left_right_symmetrized_rule,3,1,f9bf78b69322
q3_radius1,q3r1_s7_0004,q3r1_s7_0004_symbol_phase_only,symbol_phase_only,3,1,b439e9c97c1b
q3_radius1,q3r1_s7_0004,q3r1_s7_0004_output_histogram_random,output_distribution_matched_random,3,1,73b36d9395c6
q3_radius1,q3r1_s7_0004,q3r1_s7_0007,stratum_null_q3r1_s7_0007,3,1,faffd25c8616
q3_radius1,q3r1_s7_0004,q3r1_s7_0021,stratum_null_q3r1_s7_0021,3,1,3b9db0b47215
q3_radius1,q3r1_s7_0004,q3r1_s7_0019,stratum_null_q3r1_s7_0019,3,1,11296a235877
q3_radius1,q3r1_s7_0004,q3r1_s7_0016,stratum_null_q3r1_s7_0016,3,1,987170cb525e
q3_radius1,q3r1_s7_0004,q3r1_s7_0002,stratum_null_q3r1_s7_0002,3,1,25f9ecd37ab4
q3_radius1,q3r1_s7_0004,q3r1_s7_0001,stratum_null_q3r1_s7_0001,3,1,8f88f77bede8
q3_radius1,q3r1_s7_0004,q3r1_s7_0009,stratum_null_q3r1_s7_0009,3,1,dcddc810ee91
q3_radius1,q3r1_s7_0004,q3r1_s7_0024,stratum_null_q3r1_s7_0024,3,1,248b08cdcf01
q3_radius1,q3r1_s7_0004,q3r1_s7_0010,stratum_null_q3r1_s7_0010,3,1,cd9ca9f07490
q3_radius1,q3r1_s7_0004,q3r1_s7_0011,stratum_null_q3r1_s7_0011,3,1,2c28c54b5835
q3_radius1,q3r1_s7_0005,q3r1_s7_0005_center_only_projection,center_only_projection,3,1,f7dfab9e6466
q3_radius1,q3r1_s7_0005,q3r1_s7_0005_left_neighbor_removed,left_neighbor_removed,3,1,a3d10568da53
q3_radius1,q3r1_s7_0005,q3r1_s7_0005_right_neighbor_removed,right_neighbor_removed,3,1,75edfa6293be
q3_radius1,q3r1_s7_0005,q3r1_s7_0005_left_right_symmetrized_rule,left_right_symmetrized_rule,3,1,5d95cd939e2e
q3_radius1,q3r1_s7_0005,q3r1_s7_0005_symbol_phase_only,symbol_phase_only,3,1,0642dfcb2b9f
q3_radius1,q3r1_s7_0005,q3r1_s7_0005_output_histogram_random,output_distribution_matched_random,3,1,cc2943a46214
q3_radius1,q3r1_s7_0005,q3r1_s7_0008,stratum_null_q3r1_s7_0008,3,1,b520d0a9bcb9
q3_radius1,q3r1_s7_0005,q3r1_s7_0017,stratum_null_q3r1_s7_0017,3,1,e78479f56d52
q3_radius1,q3r1_s7_0005,q3r1_s7_0003,stratum_null_q3r1_s7_0003,3,1,ce78c2f4578b
q3_radius1,q3r1_s7_0005,q3r1_s7_0012,stratum_null_q3r1_s7_0012,3,1,c5ab620d6aec
q3_radius1,q3r1_s7_0005,q3r1_s7_0020,stratum_null_q3r1_s7_0020,3,1,76a9b16a14b0
q3_radius1,q3r1_s7_0005,q3r1_s7_0022,stratum_null_q3r1_s7_0022,3,1,ea75aa6ea6db
q3_radius1,q3r1_s7_0005,q3r1_s7_0018,stratum_null_q3r1_s7_0018,3,1,0c2a8d3637da
q3_radius1,q3r1_s7_0005,q3r1_s7_0011,stratum_null_q3r1_s7_0011,3,1,2c28c54b5835
q3_radius1,q3r1_s7_0005,q3r1_s7_0006,stratum_null_q3r1_s7_0006,3,1,08fc2046c906
q3_radius1,q3r1_s7_0005,q3r1_s7_0015,stratum_null_q3r1_s7_0015,3,1,b927980cc87f
q3_radius1,q3r1_s7_0008,q3r1_s7_0008_center_only_projection,center_only_projection,3,1,b8b17ad61346
q3_radius1,q3r1_s7_0008,q3r1_s7_0008_left_neighbor_removed,left_neighbor_removed,3,1,046a0d756083
q3_radius1,q3r1_s7_0008,q3r1_s7_0008_right_neighbor_removed,right_neighbor_removed,3,1,f10957a8850a
q3_radius1,q3r1_s7_0008,q3r1_s7_0008_left_right_symmetrized_rule,left_right_symmetrized_rule,3,1,b520d0a9bcb9
q3_radius1,q3r1_s7_0008,q3r1_s7_0008_symbol_phase_only,symbol_phase_only,3,1,0ebe967c16f0
q3_radius1,q3r1_s7_0008,q3r1_s7_0008_output_histogram_random,output_distribution_matched_random,3,1,927e0939bbb2
q3_radius1,q3r1_s7_0008,q3r1_s7_0017,stratum_null_q3r1_s7_0017,3,1,e78479f56d52
q3_radius1,q3r1_s7_0008,q3r1_s7_0005,stratum_null_q3r1_s7_0005,3,1,5d95cd939e2e
q3_radius1,q3r1_s7_0008,q3r1_s7_0003,stratum_null_q3r1_s7_0003,3,1,ce78c2f4578b
q3_radius1,q3r1_s7_0008,q3r1_s7_0012,stratum_null_q3r1_s7_0012,3,1,c5ab620d6aec
q3_radius1,q3r1_s7_0008,q3r1_s7_0020,stratum_null_q3r1_s7_0020,3,1,76a9b16a14b0
q3_radius1,q3r1_s7_0008,q3r1_s7_0022,stratum_null_q3r1_s7_0022,3,1,ea75aa6ea6db
q3_radius1,q3r1_s7_0008,q3r1_s7_0018,stratum_null_q3r1_s7_0018,3,1,0c2a8d3637da
q3_radius1,q3r1_s7_0008,q3r1_s7_0011,stratum_null_q3r1_s7_0011,3,1,2c28c54b5835
q3_radius1,q3r1_s7_0008,q3r1_s7_0006,stratum_null_q3r1_s7_0006,3,1,08fc2046c906
q3_radius1,q3r1_s7_0008,q3r1_s7_0015,stratum_null_q3r1_s7_0015,3,1,b927980cc87f
q3_radius1,q3r1_s7_0011,q3r1_s7_0011_center_only_projection,center_only_projection,3,1,50db8db3d7d4
q3_radius1,q3r1_s7_0011,q3r1_s7_0011_left_neighbor_removed,left_neighbor_removed,3,1,e8d069c7e018
q3_radius1,q3r1_s7_0011,q3r1_s7_0011_right_neighbor_removed,right_neighbor_removed,3,1,36f0191793b8
q3_radius1,q3r1_s7_0011,q3r1_s7_0011_left_right_symmetrized_rule,left_right_symmetrized_rule,3,1,2c28c54b5835
q3_radius1,q3r1_s7_0011,q3r1_s7_0011_symbol_phase_only,symbol_phase_only,3,1,6aa205821203
q3_radius1,q3r1_s7_0011,q3r1_s7_0011_output_histogram_random,output_distribution_matched_random,3,1,0fcc41c35a9a
q3_radius1,q3r1_s7_0011,q3r1_s7_0012,stratum_null_q3r1_s7_0012,3,1,c5ab620d6aec
q3_radius1,q3r1_s7_0011,q3r1_s7_0020,stratum_null_q3r1_s7_0020,3,1,76a9b16a14b0
q3_radius1,q3r1_s7_0011,q3r1_s7_0022,stratum_null_q3r1_s7_0022,3,1,ea75aa6ea6db
q3_radius1,q3r1_s7_0011,q3r1_s7_0010,stratum_null_q3r1_s7_0010,3,1,cd9ca9f07490
q3_radius1,q3r1_s7_0011,q3r1_s7_0008,stratum_null_q3r1_s7_0008,3,1,b520d0a9bcb9
q3_radius1,q3r1_s7_0011,q3r1_s7_0017,stratum_null_q3r1_s7_0017,3,1,e78479f56d52
q3_radius1,q3r1_s7_0011,q3r1_s7_0005,stratum_null_q3r1_s7_0005,3,1,5d95cd939e2e
q3_radius1,q3r1_s7_0011,q3r1_s7_0003,stratum_null_q3r1_s7_0003,3,1,ce78c2f4578b
q3_radius1,q3r1_s7_0011,q3r1_s7_0024,stratum_null_q3r1_s7_0024,3,1,248b08cdcf01
q3_radius1,q3r1_s7_0011,q3r1_s7_0018,stratum_null_q3r1_s7_0018,3,1,0c2a8d3637da
q3_radius1,q3r1_s7_0012,q3r1_s7_0012_center_only_projection,center_only_projection,3,1,b8b17ad61346
q3_radius1,q3r1_s7_0012,q3r1_s7_0012_left_neighbor_removed,left_neighbor_removed,3,1,3cef4b6ce3db
q3_radius1,q3r1_s7_0012,q3r1_s7_0012_right_neighbor_removed,right_neighbor_removed,3,1,44693a6cb866
q3_radius1,q3r1_s7_0012,q3r1_s7_0012_left_right_symmetrized_rule,left_right_symmetrized_rule,3,1,c5ab620d6aec
q3_radius1,q3r1_s7_0012,q3r1_s7_0012_symbol_phase_only,symbol_phase_only,3,1,beb57e34cd3c
q3_radius1,q3r1_s7_0012,q3r1_s7_0012_output_histogram_random,output_distribution_matched_random,3,1,7287fbe4e171
q3_radius1,q3r1_s7_0012,q3r1_s7_0020,stratum_null_q3r1_s7_0020,3,1,76a9b16a14b0
q3_radius1,q3r1_s7_0012,q3r1_s7_0022,stratum_null_q3r1_s7_0022,3,1,ea75aa6ea6db
q3_radius1,q3r1_s7_0012,q3r1_s7_0011,stratum_null_q3r1_s7_0011,3,1,2c28c54b5835
q3_radius1,q3r1_s7_0012,q3r1_s7_0008,stratum_null_q3r1_s7_0008,3,1,b520d0a9bcb9
q3_radius1,q3r1_s7_0012,q3r1_s7_0017,stratum_null_q3r1_s7_0017,3,1,e78479f56d52
q3_radius1,q3r1_s7_0012,q3r1_s7_0005,stratum_null_q3r1_s7_0005,3,1,5d95cd939e2e
q3_radius1,q3r1_s7_0012,q3r1_s7_0003,stratum_null_q3r1_s7_0003,3,1,ce78c2f4578b
q3_radius1,q3r1_s7_0012,q3r1_s7_0018,stratum_null_q3r1_s7_0018,3,1,0c2a8d3637da
q3_radius1,q3r1_s7_0012,q3r1_s7_0010,stratum_null_q3r1_s7_0010,3,1,cd9ca9f07490
q3_radius1,q3r1_s7_0012,q3r1_s7_0024,stratum_null_q3r1_s7_0024,3,1,248b08cdcf01
q3_radius1,q3r1_s7_0013,q3r1_s7_0013_center_only_projection,center_only_projection,3,1,36573a217d23
q3_radius1,q3r1_s7_0013,q3r1_s7_0013_left_neighbor_removed,left_neighbor_removed,3,1,1288acd8c623
q3_radius1,q3r1_s7_0013,q3r1_s7_0013_right_neighbor_removed,right_neighbor_removed,3,1,9459089e3c96
q3_radius1,q3r1_s7_0013,q3r1_s7_0013_left_right_symmetrized_rule,left_right_symmetrized_rule,3,1,63414d7e5700
q3_radius1,q3r1_s7_0013,q3r1_s7_0013_symbol_phase_only,symbol_phase_only,3,1,9bca750a1901
q3_radius1,q3r1_s7_0013,q3r1_s7_0013_output_histogram_random,output_distribution_matched_random,3,1,ebac1249bc73
q3_radius1,q3r1_s7_0013,q3r1_s7_0014,stratum_null_q3r1_s7_0014,3,1,7bb207d0fa51
q3_radius1,q3r1_s7_0013,q3r1_s7_0023,stratum_null_q3r1_s7_0023,3,1,39409b7201a9
q3_radius1,q3r1_s7_0013,q3r1_s7_0015,stratum_null_q3r1_s7_0015,3,1,b927980cc87f
q3_radius1,q3r1_s7_0013,q3r1_s7_0000,stratum_null_q3r1_s7_0000,3,1,779feecbd241
q3_radius1,q3r1_s7_0013,q3r1_s7_0006,stratum_null_q3r1_s7_0006,3,1,08fc2046c906
q3_radius1,q3r1_s7_0013,q3r1_s7_0018,stratum_null_q3r1_s7_0018,3,1,0c2a8d3637da
q3_radius1,q3r1_s7_0013,q3r1_s7_0008,stratum_null_q3r1_s7_0008,3,1,b520d0a9bcb9
q3_radius1,q3r1_s7_0013,q3r1_s7_0017,stratum_null_q3r1_s7_0017,3,1,e78479f56d52
q3_radius1,q3r1_s7_0013,q3r1_s7_0005,stratum_null_q3r1_s7_0005,3,1,5d95cd939e2e
q3_radius1,q3r1_s7_0013,q3r1_s7_0003,stratum_null_q3r1_s7_0003,3,1,ce78c2f4578b
q3_radius1,q3r1_s7_0014,q3r1_s7_0014_center_only_projection,center_only_projection,3,1,f7dfab9e6466
q3_radius1,q3r1_s7_0014,q3r1_s7_0014_left_neighbor_removed,left_neighbor_removed,3,1,45761b5f0653
q3_radius1,q3r1_s7_0014,q3r1_s7_0014_right_neighbor_removed,right_neighbor_removed,3,1,b01a6657a297
q3_radius1,q3r1_s7_0014,q3r1_s7_0014_left_right_symmetrized_rule,left_right_symmetrized_rule,3,1,7bb207d0fa51
q3_radius1,q3r1_s7_0014,q3r1_s7_0014_symbol_phase_only,symbol_phase_only,3,1,f7dfab9e6466
q3_radius1,q3r1_s7_0014,q3r1_s7_0014_output_histogram_random,output_distribution_matched_random,3,1,a050b28cac72
q3_radius1,q3r1_s7_0014,q3r1_s7_0013,stratum_null_q3r1_s7_0013,3,1,63414d7e5700
q3_radius1,q3r1_s7_0014,q3r1_s7_0023,stratum_null_q3r1_s7_0023,3,1,39409b7201a9
q3_radius1,q3r1_s7_0014,q3r1_s7_0015,stratum_null_q3r1_s7_0015,3,1,b927980cc87f
q3_radius1,q3r1_s7_0014,q3r1_s7_0000,stratum_null_q3r1_s7_0000,3,1,779feecbd241
q3_radius1,q3r1_s7_0014,q3r1_s7_0006,stratum_null_q3r1_s7_0006,3,1,08fc2046c906
q3_radius1,q3r1_s7_0014,q3r1_s7_0018,stratum_null_q3r1_s7_0018,3,1,0c2a8d3637da
q3_radius1,q3r1_s7_0014,q3r1_s7_0008,stratum_null_q3r1_s7_0008,3,1,b520d0a9bcb9
q3_radius1,q3r1_s7_0014,q3r1_s7_0017,stratum_null_q3r1_s7_0017,3,1,e78479f56d52
q3_radius1,q3r1_s7_0014,q3r1_s7_0005,stratum_null_q3r1_s7_0005,3,1,5d95cd939e2e
q3_radius1,q3r1_s7_0014,q3r1_s7_0003,stratum_null_q3r1_s7_0003,3,1,ce78c2f4578b
q3_radius1,q3r1_s7_0016,q3r1_s7_0016_center_only_projection,center_only_projection,3,1,ae7ed716f8ef
q3_radius1,q3r1_s7_0016,q3r1_s7_0016_left_neighbor_removed,left_neighbor_removed,3,1,62ead718756d
q3_radius1,q3r1_s7_0016,q3r1_s7_0016_right_neighbor_removed,right_neighbor_removed,3,1,eb96fb436395
q3_radius1,q3r1_s7_0016,q3r1_s7_0016_left_right_symmetrized_rule,left_right_symmetrized_rule,3,1,987170cb525e
q3_radius1,q3r1_s7_0016,q3r1_s7_0016_symbol_phase_only,symbol_phase_only,3,1,c4b363c1b925
q3_radius1,q3r1_s7_0016,q3r1_s7_0016_output_histogram_random,output_distribution_matched_random,3,1,ba7fc45585fb
q3_radius1,q3r1_s7_0016,q3r1_s7_0002,stratum_null_q3r1_s7_0002,3,1,25f9ecd37ab4
q3_radius1,q3r1_s7_0016,q3r1_s7_0001,stratum_null_q3r1_s7_0001,3,1,8f88f77bede8
q3_radius1,q3r1_s7_0016,q3r1_s7_0009,stratum_null_q3r1_s7_0009,3,1,dcddc810ee91
q3_radius1,q3r1_s7_0016,q3r1_s7_0021,stratum_null_q3r1_s7_0021,3,1,3b9db0b47215
q3_radius1,q3r1_s7_0016,q3r1_s7_0019,stratum_null_q3r1_s7_0019,3,1,11296a235877
q3_radius1,q3r1_s7_0016,q3r1_s7_0024,stratum_null_q3r1_s7_0024,3,1,248b08cdcf01
q3_radius1,q3r1_s7_0016,q3r1_s7_0010,stratum_null_q3r1_s7_0010,3,1,cd9ca9f07490
q3_radius1,q3r1_s7_0016,q3r1_s7_0007,stratum_null_q3r1_s7_0007,3,1,faffd25c8616
q3_radius1,q3r1_s7_0016,q3r1_s7_0011,stratum_null_q3r1_s7_0011,3,1,2c28c54b5835
q3_radius1,q3r1_s7_0016,q3r1_s7_0012,stratum_null_q3r1_s7_0012,3,1,c5ab620d6aec
q3_radius1,q3r1_s7_0017,q3r1_s7_0017_center_only_projection,center_only_projection,3,1,88d725d26087
q3_radius1,q3r1_s7_0017,q3r1_s7_0017_left_neighbor_removed,left_neighbor_removed,3,1,41e6ef2d43cb
q3_radius1,q3r1_s7_0017,q3r1_s7_0017_right_neighbor_removed,right_neighbor_removed,3,1,fa5f287a9f00
q3_radius1,q3r1_s7_0017,q3r1_s7_0017_left_right_symmetrized_rule,left_right_symmetrized_rule,3,1,e78479f56d52
q3_radius1,q3r1_s7_0017,q3r1_s7_0017_symbol_phase_only,symbol_phase_only,3,1,256f7ee9c4c3
q3_radius1,q3r1_s7_0017,q3r1_s7_0017_output_histogram_random,output_distribution_matched_random,3,1,bf5d50a2a217
q3_radius1,q3r1_s7_0017,q3r1_s7_0008,stratum_null_q3r1_s7_0008,3,1,b520d0a9bcb9
q3_radius1,q3r1_s7_0017,q3r1_s7_0005,stratum_null_q3r1_s7_0005,3,1,5d95cd939e2e
q3_radius1,q3r1_s7_0017,q3r1_s7_0003,stratum_null_q3r1_s7_0003,3,1,ce78c2f4578b
q3_radius1,q3r1_s7_0017,q3r1_s7_0012,stratum_null_q3r1_s7_0012,3,1,c5ab620d6aec
q3_radius1,q3r1_s7_0017,q3r1_s7_0020,stratum_null_q3r1_s7_0020,3,1,76a9b16a14b0
q3_radius1,q3r1_s7_0017,q3r1_s7_0022,stratum_null_q3r1_s7_0022,3,1,ea75aa6ea6db
q3_radius1,q3r1_s7_0017,q3r1_s7_0018,stratum_null_q3r1_s7_0018,3,1,0c2a8d3637da
q3_radius1,q3r1_s7_0017,q3r1_s7_0011,stratum_null_q3r1_s7_0011,3,1,2c28c54b5835
q3_radius1,q3r1_s7_0017,q3r1_s7_0006,stratum_null_q3r1_s7_0006,3,1,08fc2046c906
q3_radius1,q3r1_s7_0017,q3r1_s7_0015,stratum_null_q3r1_s7_0015,3,1,b927980cc87f
q3_radius1,q3r1_s7_0018,q3r1_s7_0018_center_only_projection,center_only_projection,3,1,88d725d26087
q3_radius1,q3r1_s7_0018,q3r1_s7_0018_left_neighbor_removed,left_neighbor_removed,3,1,85f71b32746d
q3_radius1,q3r1_s7_0018,q3r1_s7_0018_right_neighbor_removed,right_neighbor_removed,3,1,376b310608af
q3_radius1,q3r1_s7_0018,q3r1_s7_0018_left_right_symmetrized_rule,left_right_symmetrized_rule,3,1,0c2a8d3637da
q3_radius1,q3r1_s7_0018,q3r1_s7_0018_symbol_phase_only,symbol_phase_only,3,1,ae7ed716f8ef
q3_radius1,q3r1_s7_0018,q3r1_s7_0018_output_histogram_random,output_distribution_matched_random,3,1,9137242fe369
q3_radius1,q3r1_s7_0018,q3r1_s7_0008,stratum_null_q3r1_s7_0008,3,1,b520d0a9bcb9
q3_radius1,q3r1_s7_0018,q3r1_s7_0017,stratum_null_q3r1_s7_0017,3,1,e78479f56d52
q3_radius1,q3r1_s7_0018,q3r1_s7_0005,stratum_null_q3r1_s7_0005,3,1,5d95cd939e2e
q3_radius1,q3r1_s7_0018,q3r1_s7_0003,stratum_null_q3r1_s7_0003,3,1,ce78c2f4578b
q3_radius1,q3r1_s7_0018,q3r1_s7_0006,stratum_null_q3r1_s7_0006,3,1,08fc2046c906
q3_radius1,q3r1_s7_0018,q3r1_s7_0015,stratum_null_q3r1_s7_0015,3,1,b927980cc87f
q3_radius1,q3r1_s7_0018,q3r1_s7_0000,stratum_null_q3r1_s7_0000,3,1,779feecbd241
q3_radius1,q3r1_s7_0018,q3r1_s7_0023,stratum_null_q3r1_s7_0023,3,1,39409b7201a9
q3_radius1,q3r1_s7_0018,q3r1_s7_0013,stratum_null_q3r1_s7_0013,3,1,63414d7e5700
q3_radius1,q3r1_s7_0018,q3r1_s7_0014,stratum_null_q3r1_s7_0014,3,1,7bb207d0fa51
q3_radius1,q3r1_s7_0021,q3r1_s7_0021_center_only_projection,center_only_projection,3,1,f7dfab9e6466
q3_radius1,q3r1_s7_0021,q3r1_s7_0021_left_neighbor_removed,left_neighbor_removed,3,1,55065eb0ca62
q3_radius1,q3r1_s7_0021,q3r1_s7_0021_right_neighbor_removed,right_neighbor_removed,3,1,ba8c52ea98cf
q3_radius1,q3r1_s7_0021,q3r1_s7_0021_left_right_symmetrized_rule,left_right_symmetrized_rule,3,1,3b9db0b47215
q3_radius1,q3r1_s7_0021,q3r1_s7_0021_symbol_phase_only,symbol_phase_only,3,1,50db8db3d7d4
q3_radius1,q3r1_s7_0021,q3r1_s7_0021_output_histogram_random,output_distribution_matched_random,3,1,187d8550f9f6
q3_radius1,q3r1_s7_0021,q3r1_s7_0019,stratum_null_q3r1_s7_0019,3,1,11296a235877
q3_radius1,q3r1_s7_0021,q3r1_s7_0007,stratum_null_q3r1_s7_0007,3,1,faffd25c8616
q3_radius1,q3r1_s7_0021,q3r1_s7_0016,stratum_null_q3r1_s7_0016,3,1,987170cb525e
q3_radius1,q3r1_s7_0021,q3r1_s7_0002,stratum_null_q3r1_s7_0002,3,1,25f9ecd37ab4
q3_radius1,q3r1_s7_0021,q3r1_s7_0001,stratum_null_q3r1_s7_0001,3,1,8f88f77bede8
q3_radius1,q3r1_s7_0021,q3r1_s7_0009,stratum_null_q3r1_s7_0009,3,1,dcddc810ee91
q3_radius1,q3r1_s7_0021,q3r1_s7_0024,stratum_null_q3r1_s7_0024,3,1,248b08cdcf01
q3_radius1,q3r1_s7_0021,q3r1_s7_0010,stratum_null_q3r1_s7_0010,3,1,cd9ca9f07490
q3_radius1,q3r1_s7_0021,q3r1_s7_0004,stratum_null_q3r1_s7_0004,3,1,f9bf78b69322
q3_radius1,q3r1_s7_0021,q3r1_s7_0011,stratum_null_q3r1_s7_0011,3,1,2c28c54b5835
q3_radius1,q3r1_s7_0022,q3r1_s7_0022_center_only_projection,center_only_projection,3,1,b8b17ad61346
q3_radius1,q3r1_s7_0022,q3r1_s7_0022_left_neighbor_removed,left_neighbor_removed,3,1,601f16ae1f15
q3_radius1,q3r1_s7_0022,q3r1_s7_0022_right_neighbor_removed,right_neighbor_removed,3,1,6525cb6d67a2
q3_radius1,q3r1_s7_0022,q3r1_s7_0022_left_right_symmetrized_rule,left_right_symmetrized_rule,3,1,ea75aa6ea6db
q3_radius1,q3r1_s7_0022,q3r1_s7_0022_symbol_phase_only,symbol_phase_only,3,1,9bca750a1901
q3_radius1,q3r1_s7_0022,q3r1_s7_0022_output_histogram_random,output_distribution_matched_random,3,1,e36c55d5831e
q3_radius1,q3r1_s7_0022,q3r1_s7_0012,stratum_null_q3r1_s7_0012,3,1,c5ab620d6aec
q3_radius1,q3r1_s7_0022,q3r1_s7_0020,stratum_null_q3r1_s7_0020,3,1,76a9b16a14b0
q3_radius1,q3r1_s7_0022,q3r1_s7_0011,stratum_null_q3r1_s7_0011,3,1,2c28c54b5835
q3_radius1,q3r1_s7_0022,q3r1_s7_0008,stratum_null_q3r1_s7_0008,3,1,b520d0a9bcb9
q3_radius1,q3r1_s7_0022,q3r1_s7_0017,stratum_null_q3r1_s7_0017,3,1,e78479f56d52
q3_radius1,q3r1_s7_0022,q3r1_s7_0005,stratum_null_q3r1_s7_0005,3,1,5d95cd939e2e
q3_radius1,q3r1_s7_0022,q3r1_s7_0003,stratum_null_q3r1_s7_0003,3,1,ce78c2f4578b
q3_radius1,q3r1_s7_0022,q3r1_s7_0018,stratum_null_q3r1_s7_0018,3,1,0c2a8d3637da
q3_radius1,q3r1_s7_0022,q3r1_s7_0010,stratum_null_q3r1_s7_0010,3,1,cd9ca9f07490
q3_radius1,q3r1_s7_0022,q3r1_s7_0024,stratum_null_q3r1_s7_0024,3,1,248b08cdcf01
q3_radius1,q3r1_s7_0023,q3r1_s7_0023_center_only_projection,center_only_projection,3,1,50db8db3d7d4
q3_radius1,q3r1_s7_0023,q3r1_s7_0023_left_neighbor_removed,left_neighbor_removed,3,1,c318ea15be45
q3_radius1,q3r1_s7_0023,q3r1_s7_0023_right_neighbor_removed,right_neighbor_removed,3,1,ea876c648936
q3_radius1,q3r1_s7_0023,q3r1_s7_0023_left_right_symmetrized_rule,left_right_symmetrized_rule,3,1,39409b7201a9
q3_radius1,q3r1_s7_0023,q3r1_s7_0023_symbol_phase_only,symbol_phase_only,3,1,486ad761f731
q3_radius1,q3r1_s7_0023,q3r1_s7_0023_output_histogram_random,output_distribution_matched_random,3,1,3d8e93d78380
q3_radius1,q3r1_s7_0023,q3r1_s7_0013,stratum_null_q3r1_s7_0013,3,1,63414d7e5700
q3_radius1,q3r1_s7_0023,q3r1_s7_0014,stratum_null_q3r1_s7_0014,3,1,7bb207d0fa51
q3_radius1,q3r1_s7_0023,q3r1_s7_0015,stratum_null_q3r1_s7_0015,3,1,b927980cc87f
q3_radius1,q3r1_s7_0023,q3r1_s7_0000,stratum_null_q3r1_s7_0000,3,1,779feecbd241
q3_radius1,q3r1_s7_0023,q3r1_s7_0006,stratum_null_q3r1_s7_0006,3,1,08fc2046c906
q3_radius1,q3r1_s7_0023,q3r1_s7_0018,stratum_null_q3r1_s7_0018,3,1,0c2a8d3637da
q3_radius1,q3r1_s7_0023,q3r1_s7_0008,stratum_null_q3r1_s7_0008,3,1,b520d0a9bcb9
q3_radius1,q3r1_s7_0023,q3r1_s7_0017,stratum_null_q3r1_s7_0017,3,1,e78479f56d52
q3_radius1,q3r1_s7_0023,q3r1_s7_0005,stratum_null_q3r1_s7_0005,3,1,5d95cd939e2e
q3_radius1,q3r1_s7_0023,q3r1_s7_0003,stratum_null_q3r1_s7_0003,3,1,ce78c2f4578b
q3_radius1,q3r1_s7_0024,q3r1_s7_0024_center_only_projection,center_only_projection,3,1,50db8db3d7d4
q3_radius1,q3r1_s7_0024,q3r1_s7_0024_left_neighbor_removed,left_neighbor_removed,3,1,f2c5fb34383c
q3_radius1,q3r1_s7_0024,q3r1_s7_0024_right_neighbor_removed,right_neighbor_removed,3,1,5dc1bbabdfb7
q3_radius1,q3r1_s7_0024,q3r1_s7_0024_left_right_symmetrized_rule,left_right_symmetrized_rule,3,1,248b08cdcf01
q3_radius1,q3r1_s7_0024,q3r1_s7_0024_symbol_phase_only,symbol_phase_only,3,1,486ad761f731
q3_radius1,q3r1_s7_0024,q3r1_s7_0024_output_histogram_random,output_distribution_matched_random,3,1,d02603c7d95d
q3_radius1,q3r1_s7_0024,q3r1_s7_0010,stratum_null_q3r1_s7_0010,3,1,cd9ca9f07490
q3_radius1,q3r1_s7_0024,q3r1_s7_0002,stratum_null_q3r1_s7_0002,3,1,25f9ecd37ab4
q3_radius1,q3r1_s7_0024,q3r1_s7_0001,stratum_null_q3r1_s7_0001,3,1,8f88f77bede8
q3_radius1,q3r1_s7_0024,q3r1_s7_0009,stratum_null_q3r1_s7_0009,3,1,dcddc810ee91
q3_radius1,q3r1_s7_0024,q3r1_s7_0011,stratum_null_q3r1_s7_0011,3,1,2c28c54b5835
q3_radius1,q3r1_s7_0024,q3r1_s7_0012,stratum_null_q3r1_s7_0012,3,1,c5ab620d6aec
q3_radius1,q3r1_s7_0024,q3r1_s7_0020,stratum_null_q3r1_s7_0020,3,1,76a9b16a14b0
q3_radius1,q3r1_s7_0024,q3r1_s7_0022,stratum_null_q3r1_s7_0022,3,1,ea75aa6ea6db
q3_radius1,q3r1_s7_0024,q3r1_s7_0016,stratum_null_q3r1_s7_0016,3,1,987170cb525e
q3_radius1,q3r1_s7_0024,q3r1_s7_0008,stratum_null_q3r1_s7_0008,3,1,b520d0a9bcb9
q2_radius2,q2r2_s1_0004,q2r2_s1_0004_center_only_projection,center_only_projection,2,2,d4a347387316
q2_radius2,q2r2_s1_0004,q2r2_s1_0004_left_neighbor_removed,left_neighbor_removed,2,2,00d4782f4a2d
q2_radius2,q2r2_s1_0004,q2r2_s1_0004_right_neighbor_removed,right_neighbor_removed,2,2,113a0646ed6a
q2_radius2,q2r2_s1_0004,q2r2_s1_0004_left_right_symmetrized_rule,left_right_symmetrized_rule,2,2,f8e8fcbf392f
q2_radius2,q2r2_s1_0004,q2r2_s1_0004_inner_neighbors_only,inner_neighbors_only,2,2,bb078b22ab52
q2_radius2,q2r2_s1_0004,q2r2_s1_0004_outer_neighbors_removed,outer_neighbors_removed,2,2,bb078b22ab52
q2_radius2,q2r2_s1_0004,q2r2_s1_0004_output_histogram_random,output_distribution_matched_random,2,2,9cfdd6a1f449
q2_radius2,q2r2_s1_0004,q2r2_s1_0022,stratum_null_q2r2_s1_0022,2,2,a4952aabca76
q2_radius2,q2r2_s1_0004,q2r2_s1_0017,stratum_null_q2r2_s1_0017,2,2,52b8efe28782
q2_radius2,q2r2_s1_0004,q2r2_s1_0005,stratum_null_q2r2_s1_0005,2,2,9100b80205f9
q2_radius2,q2r2_s1_0004,q2r2_s1_0025,stratum_null_q2r2_s1_0025,2,2,2e94eff206bd
q2_radius2,q2r2_s1_0004,q2r2_s1_0044,stratum_null_q2r2_s1_0044,2,2,6ed73012fcb7
q2_radius2,q2r2_s1_0004,q2r2_s1_0041,stratum_null_q2r2_s1_0041,2,2,d4fd6d4e3b04
q2_radius2,q2r2_s1_0004,q2r2_s1_0007,stratum_null_q2r2_s1_0007,2,2,ca7c1e4bd586
q2_radius2,q2r2_s1_0004,q2r2_s1_0032,stratum_null_q2r2_s1_0032,2,2,9d13a7cef8a9
q2_radius2,q2r2_s1_0004,q2r2_s1_0014,stratum_null_q2r2_s1_0014,2,2,9744d2173fdc
q2_radius2,q2r2_s1_0004,q2r2_s1_0038,stratum_null_q2r2_s1_0038,2,2,c86f01f357e9
q2_radius2,q2r2_s1_0043,q2r2_s1_0043_center_only_projection,center_only_projection,2,2,d4a347387316
q2_radius2,q2r2_s1_0043,q2r2_s1_0043_left_neighbor_removed,left_neighbor_removed,2,2,d3bb84b3ff89
q2_radius2,q2r2_s1_0043,q2r2_s1_0043_right_neighbor_removed,right_neighbor_removed,2,2,97205c9c27f6
q2_radius2,q2r2_s1_0043,q2r2_s1_0043_left_right_symmetrized_rule,left_right_symmetrized_rule,2,2,a2a1a8fb23bf
q2_radius2,q2r2_s1_0043,q2r2_s1_0043_inner_neighbors_only,inner_neighbors_only,2,2,8df4af004215
q2_radius2,q2r2_s1_0043,q2r2_s1_0043_outer_neighbors_removed,outer_neighbors_removed,2,2,8df4af004215
q2_radius2,q2r2_s1_0043,q2r2_s1_0043_output_histogram_random,output_distribution_matched_random,2,2,36787d515e92
q2_radius2,q2r2_s1_0043,q2r2_s1_0001,stratum_null_q2r2_s1_0001,2,2,8071d76b6688
q2_radius2,q2r2_s1_0043,q2r2_s1_0009,stratum_null_q2r2_s1_0009,2,2,d5e6bc66ff5b
q2_radius2,q2r2_s1_0043,q2r2_s1_0013,stratum_null_q2r2_s1_0013,2,2,da40873afebb
q2_radius2,q2r2_s1_0043,q2r2_s1_0012,stratum_null_q2r2_s1_0012,2,2,1e6f0e396597
q2_radius2,q2r2_s1_0043,q2r2_s1_0010,stratum_null_q2r2_s1_0010,2,2,64c17ab21212
q2_radius2,q2r2_s1_0043,q2r2_s1_0008,stratum_null_q2r2_s1_0008,2,2,f3d95d266b48
q2_radius2,q2r2_s1_0043,q2r2_s1_0011,stratum_null_q2r2_s1_0011,2,2,d69f703f40f0
q2_radius2,q2r2_s1_0043,q2r2_s1_0035,stratum_null_q2r2_s1_0035,2,2,ff46b6ec6548
q2_radius2,q2r2_s1_0043,q2r2_s1_0033,stratum_null_q2r2_s1_0033,2,2,e9467e240c8d
q2_radius2,q2r2_s1_0043,q2r2_s1_0003,stratum_null_q2r2_s1_0003,2,2,251d2088dfe1
q2_radius2,q2r2_s2_0007,q2r2_s2_0007_center_only_projection,center_only_projection,2,2,de8a847bff8c
q2_radius2,q2r2_s2_0007,q2r2_s2_0007_left_neighbor_removed,left_neighbor_removed,2,2,7e5f23a36343
q2_radius2,q2r2_s2_0007,q2r2_s2_0007_right_neighbor_removed,right_neighbor_removed,2,2,23089cc7eaa6
q2_radius2,q2r2_s2_0007,q2r2_s2_0007_left_right_symmetrized_rule,left_right_symmetrized_rule,2,2,c01da9f02a1f
q2_radius2,q2r2_s2_0007,q2r2_s2_0007_inner_neighbors_only,inner_neighbors_only,2,2,0cd99026b451
q2_radius2,q2r2_s2_0007,q2r2_s2_0007_outer_neighbors_removed,outer_neighbors_removed,2,2,0cd99026b451
q2_radius2,q2r2_s2_0007,q2r2_s2_0007_output_histogram_random,output_distribution_matched_random,2,2,2fac5f166c6c
q2_radius2,q2r2_s2_0007,q2r2_s2_0046,stratum_null_q2r2_s2_0046,2,2,376e4f011a40
q2_radius2,q2r2_s2_0007,q2r2_s2_0045,stratum_null_q2r2_s2_0045,2,2,aa1809f15065
q2_radius2,q2r2_s2_0007,q2r2_s2_0000,stratum_null_q2r2_s2_0000,2,2,f388bfbed26a
q2_radius2,q2r2_s2_0007,q2r2_s2_0008,stratum_null_q2r2_s2_0008,2,2,eb8048d0ee7b
q2_radius2,q2r2_s2_0007,q2r2_s2_0033,stratum_null_q2r2_s2_0033,2,2,9e4f335d2546
q2_radius2,q2r2_s2_0007,q2r2_s2_0029,stratum_null_q2r2_s2_0029,2,2,3eb2c8bc24a5
q2_radius2,q2r2_s2_0007,q2r2_s2_0004,stratum_null_q2r2_s2_0004,2,2,1a93492567e4
q2_radius2,q2r2_s2_0007,q2r2_s2_0010,stratum_null_q2r2_s2_0010,2,2,e5dd0d0b281f
q2_radius2,q2r2_s2_0007,q2r2_s2_0049,stratum_null_q2r2_s2_0049,2,2,e7e0ce368400
q2_radius2,q2r2_s2_0007,q2r2_s2_0030,stratum_null_q2r2_s2_0030,2,2,c7de4fa2910e
q2_radius2,q2r2_s4_0030,q2r2_s4_0030_center_only_projection,center_only_projection,2,2,de8a847bff8c
q2_radius2,q2r2_s4_0030,q2r2_s4_0030_left_neighbor_removed,left_neighbor_removed,2,2,74a8b785deeb
q2_radius2,q2r2_s4_0030,q2r2_s4_0030_right_neighbor_removed,right_neighbor_removed,2,2,1beb813412c8
q2_radius2,q2r2_s4_0030,q2r2_s4_0030_left_right_symmetrized_rule,left_right_symmetrized_rule,2,2,eae898c93bd2
q2_radius2,q2r2_s4_0030,q2r2_s4_0030_inner_neighbors_only,inner_neighbors_only,2,2,2cc4d6d5d6b7
q2_radius2,q2r2_s4_0030,q2r2_s4_0030_outer_neighbors_removed,outer_neighbors_removed,2,2,2cc4d6d5d6b7
q2_radius2,q2r2_s4_0030,q2r2_s4_0030_output_histogram_random,output_distribution_matched_random,2,2,865418ed0474
q2_radius2,q2r2_s4_0030,q2r2_s4_0034,stratum_null_q2r2_s4_0034,2,2,e7919328fbad
q2_radius2,q2r2_s4_0030,q2r2_s4_0048,stratum_null_q2r2_s4_0048,2,2,b1b46e51031b
q2_radius2,q2r2_s4_0030,q2r2_s4_0029,stratum_null_q2r2_s4_0029,2,2,61b7404c8391
q2_radius2,q2r2_s4_0030,q2r2_s4_0003,stratum_null_q2r2_s4_0003,2,2,d58c7bee39fd
q2_radius2,q2r2_s4_0030,q2r2_s4_0009,stratum_null_q2r2_s4_0009,2,2,f0ff4fca02b4
q2_radius2,q2r2_s4_0030,q2r2_s4_0045,stratum_null_q2r2_s4_0045,2,2,7e426e281e6d
q2_radius2,q2r2_s4_0030,q2r2_s4_0044,stratum_null_q2r2_s4_0044,2,2,fdd0edf1b971
q2_radius2,q2r2_s4_0030,q2r2_s4_0002,stratum_null_q2r2_s4_0002,2,2,ab2cdd10194b
q2_radius2,q2r2_s4_0030,q2r2_s4_0020,stratum_null_q2r2_s4_0020,2,2,a56be1ee789d
q2_radius2,q2r2_s4_0030,q2r2_s4_0039,stratum_null_q2r2_s4_0039,2,2,b719b19cc073
q2_radius2,q2r2_s7_0002,q2r2_s7_0002_center_only_projection,center_only_projection,2,2,80ba88ec1a93
q2_radius2,q2r2_s7_0002,q2r2_s7_0002_left_neighbor_removed,left_neighbor_removed,2,2,b5465b5e302c
q2_radius2,q2r2_s7_0002,q2r2_s7_0002_right_neighbor_removed,right_neighbor_removed,2,2,4bfa69b4d94c
q2_radius2,q2r2_s7_0002,q2r2_s7_0002_left_right_symmetrized_rule,left_right_symmetrized_rule,2,2,9ed43f828770
q2_radius2,q2r2_s7_0002,q2r2_s7_0002_inner_neighbors_only,inner_neighbors_only,2,2,2e58adc0c4ac
q2_radius2,q2r2_s7_0002,q2r2_s7_0002_outer_neighbors_removed,outer_neighbors_removed,2,2,2e58adc0c4ac
q2_radius2,q2r2_s7_0002,q2r2_s7_0002_output_histogram_random,output_distribution_matched_random,2,2,80bd16230d21
q2_radius2,q2r2_s7_0002,q2r2_s7_0005,stratum_null_q2r2_s7_0005,2,2,e8c8dc946ea5
q2_radius2,q2r2_s7_0002,q2r2_s7_0023,stratum_null_q2r2_s7_0023,2,2,eb46ef85f13e
q2_radius2,q2r2_s7_0002,q2r2_s7_0020,stratum_null_q2r2_s7_0020,2,2,541d91c6cf97
q2_radius2,q2r2_s7_0002,q2r2_s7_0017,stratum_null_q2r2_s7_0017,2,2,a36d20ef764a
q2_radius2,q2r2_s7_0002,q2r2_s7_0000,stratum_null_q2r2_s7_0000,2,2,d96dadccd152
q2_radius2,q2r2_s7_0002,q2r2_s7_0024,stratum_null_q2r2_s7_0024,2,2,aabd0adbdca5
q2_radius2,q2r2_s7_0002,q2r2_s7_0012,stratum_null_q2r2_s7_0012,2,2,cbe0b59fca60
q2_radius2,q2r2_s7_0002,q2r2_s7_0019,stratum_null_q2r2_s7_0019,2,2,c2fda5902a74
q2_radius2,q2r2_s7_0002,q2r2_s7_0006,stratum_null_q2r2_s7_0006,2,2,8959036a564c
q2_radius2,q2r2_s7_0002,q2r2_s7_0007,stratum_null_q2r2_s7_0007,2,2,1f20fa194a4e
q2_radius2,q2r2_s7_0005,q2r2_s7_0005_center_only_projection,center_only_projection,2,2,de8a847bff8c
q2_radius2,q2r2_s7_0005,q2r2_s7_0005_left_neighbor_removed,left_neighbor_removed,2,2,eedf3be10280
q2_radius2,q2r2_s7_0005,q2r2_s7_0005_right_neighbor_removed,right_neighbor_removed,2,2,ea080b2c7b9c
q2_radius2,q2r2_s7_0005,q2r2_s7_0005_left_right_symmetrized_rule,left_right_symmetrized_rule,2,2,e8c8dc946ea5
q2_radius2,q2r2_s7_0005,q2r2_s7_0005_inner_neighbors_only,inner_neighbors_only,2,2,a15c2a84dd48
q2_radius2,q2r2_s7_0005,q2r2_s7_0005_outer_neighbors_removed,outer_neighbors_removed,2,2,a15c2a84dd48
q2_radius2,q2r2_s7_0005,q2r2_s7_0005_output_histogram_random,output_distribution_matched_random,2,2,eaa265c15a61
q2_radius2,q2r2_s7_0005,q2r2_s7_0002,stratum_null_q2r2_s7_0002,2,2,9ed43f828770
q2_radius2,q2r2_s7_0005,q2r2_s7_0023,stratum_null_q2r2_s7_0023,2,2,eb46ef85f13e
q2_radius2,q2r2_s7_0005,q2r2_s7_0020,stratum_null_q2r2_s7_0020,2,2,541d91c6cf97
q2_radius2,q2r2_s7_0005,q2r2_s7_0017,stratum_null_q2r2_s7_0017,2,2,a36d20ef764a
q2_radius2,q2r2_s7_0005,q2r2_s7_0000,stratum_null_q2r2_s7_0000,2,2,d96dadccd152
q2_radius2,q2r2_s7_0005,q2r2_s7_0024,stratum_null_q2r2_s7_0024,2,2,aabd0adbdca5
q2_radius2,q2r2_s7_0005,q2r2_s7_0012,stratum_null_q2r2_s7_0012,2,2,cbe0b59fca60
q2_radius2,q2r2_s7_0005,q2r2_s7_0019,stratum_null_q2r2_s7_0019,2,2,c2fda5902a74
q2_radius2,q2r2_s7_0005,q2r2_s7_0006,stratum_null_q2r2_s7_0006,2,2,8959036a564c
q2_radius2,q2r2_s7_0005,q2r2_s7_0007,stratum_null_q2r2_s7_0007,2,2,1f20fa194a4e
q2_radius2,q2r2_s7_0006,q2r2_s7_0006_center_only_projection,center_only_projection,2,2,80ba88ec1a93
q2_radius2,q2r2_s7_0006,q2r2_s7_0006_left_neighbor_removed,left_neighbor_removed,2,2,7861aee057b2
q2_radius2,q2r2_s7_0006,q2r2_s7_0006_right_neighbor_removed,right_neighbor_removed,2,2,0dbdeeeaf5fc
q2_radius2,q2r2_s7_0006,q2r2_s7_0006_left_right_symmetrized_rule,left_right_symmetrized_rule,2,2,8959036a564c
q2_radius2,q2r2_s7_0006,q2r2_s7_0006_inner_neighbors_only,inner_neighbors_only,2,2,80ba88ec1a93
q2_radius2,q2r2_s7_0006,q2r2_s7_0006_outer_neighbors_removed,outer_neighbors_removed,2,2,80ba88ec1a93
q2_radius2,q2r2_s7_0006,q2r2_s7_0006_output_histogram_random,output_distribution_matched_random,2,2,754b5579f136
q2_radius2,q2r2_s7_0006,q2r2_s7_0024,stratum_null_q2r2_s7_0024,2,2,aabd0adbdca5
q2_radius2,q2r2_s7_0006,q2r2_s7_0012,stratum_null_q2r2_s7_0012,2,2,cbe0b59fca60
q2_radius2,q2r2_s7_0006,q2r2_s7_0019,stratum_null_q2r2_s7_0019,2,2,c2fda5902a74
q2_radius2,q2r2_s7_0006,q2r2_s7_0007,stratum_null_q2r2_s7_0007,2,2,1f20fa194a4e
q2_radius2,q2r2_s7_0006,q2r2_s7_0010,stratum_null_q2r2_s7_0010,2,2,dce1d1a888b9
q2_radius2,q2r2_s7_0006,q2r2_s7_0005,stratum_null_q2r2_s7_0005,2,2,e8c8dc946ea5
q2_radius2,q2r2_s7_0006,q2r2_s7_0002,stratum_null_q2r2_s7_0002,2,2,9ed43f828770
q2_radius2,q2r2_s7_0006,q2r2_s7_0023,stratum_null_q2r2_s7_0023,2,2,eb46ef85f13e
q2_radius2,q2r2_s7_0006,q2r2_s7_0020,stratum_null_q2r2_s7_0020,2,2,541d91c6cf97
q2_radius2,q2r2_s7_0006,q2r2_s7_0017,stratum_null_q2r2_s7_0017,2,2,a36d20ef764a
q2_radius2,q2r2_s7_0007,q2r2_s7_0007_center_only_projection,center_only_projection,2,2,80ba88ec1a93
q2_radius2,q2r2_s7_0007,q2r2_s7_0007_left_neighbor_removed,left_neighbor_removed,2,2,17230e647c1b
q2_radius2,q2r2_s7_0007,q2r2_s7_0007_right_neighbor_removed,right_neighbor_removed,2,2,ffe961fa9684
q2_radius2,q2r2_s7_0007,q2r2_s7_0007_left_right_symmetrized_rule,left_right_symmetrized_rule,2,2,1f20fa194a4e
q2_radius2,q2r2_s7_0007,q2r2_s7_0007_inner_neighbors_only,inner_neighbors_only,2,2,aa515acf9d86
q2_radius2,q2r2_s7_0007,q2r2_s7_0007_outer_neighbors_removed,outer_neighbors_removed,2,2,aa515acf9d86
q2_radius2,q2r2_s7_0007,q2r2_s7_0007_output_histogram_random,output_distribution_matched_random,2,2,0d31309e9855
q2_radius2,q2r2_s7_0007,q2r2_s7_0024,stratum_null_q2r2_s7_0024,2,2,aabd0adbdca5
q2_radius2,q2r2_s7_0007,q2r2_s7_0012,stratum_null_q2r2_s7_0012,2,2,cbe0b59fca60
q2_radius2,q2r2_s7_0007,q2r2_s7_0019,stratum_null_q2r2_s7_0019,2,2,c2fda5902a74
q2_radius2,q2r2_s7_0007,q2r2_s7_0006,stratum_null_q2r2_s7_0006,2,2,8959036a564c
q2_radius2,q2r2_s7_0007,q2r2_s7_0010,stratum_null_q2r2_s7_0010,2,2,dce1d1a888b9
q2_radius2,q2r2_s7_0007,q2r2_s7_0005,stratum_null_q2r2_s7_0005,2,2,e8c8dc946ea5
q2_radius2,q2r2_s7_0007,q2r2_s7_0002,stratum_null_q2r2_s7_0002,2,2,9ed43f828770
q2_radius2,q2r2_s7_0007,q2r2_s7_0023,stratum_null_q2r2_s7_0023,2,2,eb46ef85f13e
q2_radius2,q2r2_s7_0007,q2r2_s7_0020,stratum_null_q2r2_s7_0020,2,2,541d91c6cf97
q2_radius2,q2r2_s7_0007,q2r2_s7_0017,stratum_null_q2r2_s7_0017,2,2,a36d20ef764a
q2_radius2,q2r2_s7_0009,q2r2_s7_0009_center_only_projection,center_only_projection,2,2,80ba88ec1a93
q2_radius2,q2r2_s7_0009,q2r2_s7_0009_left_neighbor_removed,left_neighbor_removed,2,2,fa965430ecbc
q2_radius2,q2r2_s7_0009,q2r2_s7_0009_right_neighbor_removed,right_neighbor_removed,2,2,974f78c3c9b5
q2_radius2,q2r2_s7_0009,q2r2_s7_0009_left_right_symmetrized_rule,left_right_symmetrized_rule,2,2,194743abf6da
q2_radius2,q2r2_s7_0009,q2r2_s7_0009_inner_neighbors_only,inner_neighbors_only,2,2,ec7cf08eac8b
q2_radius2,q2r2_s7_0009,q2r2_s7_0009_outer_neighbors_removed,outer_neighbors_removed,2,2,ec7cf08eac8b
q2_radius2,q2r2_s7_0009,q2r2_s7_0009_output_histogram_random,output_distribution_matched_random,2,2,e946c75aae7d
q2_radius2,q2r2_s7_0009,q2r2_s7_0016,stratum_null_q2r2_s7_0016,2,2,f36072cd4a8d
q2_radius2,q2r2_s7_0009,q2r2_s7_0021,stratum_null_q2r2_s7_0021,2,2,87c7b858c9a0
q2_radius2,q2r2_s7_0009,q2r2_s7_0001,stratum_null_q2r2_s7_0001,2,2,dac752af588d
q2_radius2,q2r2_s7_0009,q2r2_s7_0003,stratum_null_q2r2_s7_0003,2,2,db98bf6f63a8
q2_radius2,q2r2_s7_0009,q2r2_s7_0005,stratum_null_q2r2_s7_0005,2,2,e8c8dc946ea5
q2_radius2,q2r2_s7_0009,q2r2_s7_0002,stratum_null_q2r2_s7_0002,2,2,9ed43f828770
q2_radius2,q2r2_s7_0009,q2r2_s7_0023,stratum_null_q2r2_s7_0023,2,2,eb46ef85f13e
q2_radius2,q2r2_s7_0009,q2r2_s7_0020,stratum_null_q2r2_s7_0020,2,2,541d91c6cf97
q2_radius2,q2r2_s7_0009,q2r2_s7_0017,stratum_null_q2r2_s7_0017,2,2,a36d20ef764a
q2_radius2,q2r2_s7_0009,q2r2_s7_0000,stratum_null_q2r2_s7_0000,2,2,d96dadccd152
q2_radius2,q2r2_s7_0010,q2r2_s7_0010_center_only_projection,center_only_projection,2,2,80ba88ec1a93
q2_radius2,q2r2_s7_0010,q2r2_s7_0010_left_neighbor_removed,left_neighbor_removed,2,2,ef9c34e9689e
q2_radius2,q2r2_s7_0010,q2r2_s7_0010_right_neighbor_removed,right_neighbor_removed,2,2,17dd85c3ee54
q2_radius2,q2r2_s7_0010,q2r2_s7_0010_left_right_symmetrized_rule,left_right_symmetrized_rule,2,2,dce1d1a888b9
q2_radius2,q2r2_s7_0010,q2r2_s7_0010_inner_neighbors_only,inner_neighbors_only,2,2,d0d657f1881f
q2_radius2,q2r2_s7_0010,q2r2_s7_0010_outer_neighbors_removed,outer_neighbors_removed,2,2,d0d657f1881f
q2_radius2,q2r2_s7_0010,q2r2_s7_0010_output_histogram_random,output_distribution_matched_random,2,2,e7281365d5a1
q2_radius2,q2r2_s7_0010,q2r2_s7_0024,stratum_null_q2r2_s7_0024,2,2,aabd0adbdca5
q2_radius2,q2r2_s7_0010,q2r2_s7_0012,stratum_null_q2r2_s7_0012,2,2,cbe0b59fca60
q2_radius2,q2r2_s7_0010,q2r2_s7_0019,stratum_null_q2r2_s7_0019,2,2,c2fda5902a74
q2_radius2,q2r2_s7_0010,q2r2_s7_0006,stratum_null_q2r2_s7_0006,2,2,8959036a564c
q2_radius2,q2r2_s7_0010,q2r2_s7_0007,stratum_null_q2r2_s7_0007,2,2,1f20fa194a4e
q2_radius2,q2r2_s7_0010,q2r2_s7_0005,stratum_null_q2r2_s7_0005,2,2,e8c8dc946ea5
q2_radius2,q2r2_s7_0010,q2r2_s7_0002,stratum_null_q2r2_s7_0002,2,2,9ed43f828770
q2_radius2,q2r2_s7_0010,q2r2_s7_0023,stratum_null_q2r2_s7_0023,2,2,eb46ef85f13e
q2_radius2,q2r2_s7_0010,q2r2_s7_0020,stratum_null_q2r2_s7_0020,2,2,541d91c6cf97
q2_radius2,q2r2_s7_0010,q2r2_s7_0017,stratum_null_q2r2_s7_0017,2,2,a36d20ef764a
q2_radius2,q2r2_s7_0011,q2r2_s7_0011_center_only_projection,center_only_projection,2,2,80ba88ec1a93
q2_radius2,q2r2_s7_0011,q2r2_s7_0011_left_neighbor_removed,left_neighbor_removed,2,2,5c2aa8559c2b
q2_radius2,q2r2_s7_0011,q2r2_s7_0011_right_neighbor_removed,right_neighbor_removed,2,2,fd83351b835d
q2_radius2,q2r2_s7_0011,q2r2_s7_0011_left_right_symmetrized_rule,left_right_symmetrized_rule,2,2,c26e87e5ce8b
q2_radius2,q2r2_s7_0011,q2r2_s7_0011_inner_neighbors_only,inner_neighbors_only,2,2,d29dd12323aa
q2_radius2,q2r2_s7_0011,q2r2_s7_0011_outer_neighbors_removed,outer_neighbors_removed,2,2,d29dd12323aa
q2_radius2,q2r2_s7_0011,q2r2_s7_0011_output_histogram_random,output_distribution_matched_random,2,2,03c9d14baf03
q2_radius2,q2r2_s7_0011,q2r2_s7_0015,stratum_null_q2r2_s7_0015,2,2,c236962748ed
q2_radius2,q2r2_s7_0011,q2r2_s7_0016,stratum_null_q2r2_s7_0016,2,2,f36072cd4a8d
q2_radius2,q2r2_s7_0011,q2r2_s7_0009,stratum_null_q2r2_s7_0009,2,2,194743abf6da
q2_radius2,q2r2_s7_0011,q2r2_s7_0021,stratum_null_q2r2_s7_0021,2,2,87c7b858c9a0
q2_radius2,q2r2_s7_0011,q2r2_s7_0001,stratum_null_q2r2_s7_0001,2,2,dac752af588d
q2_radius2,q2r2_s7_0011,q2r2_s7_0003,stratum_null_q2r2_s7_0003,2,2,db98bf6f63a8
q2_radius2,q2r2_s7_0011,q2r2_s7_0014,stratum_null_q2r2_s7_0014,2,2,82e878d921f3
q2_radius2,q2r2_s7_0011,q2r2_s7_0022,stratum_null_q2r2_s7_0022,2,2,2906c80a4313
q2_radius2,q2r2_s7_0011,q2r2_s7_0004,stratum_null_q2r2_s7_0004,2,2,97ffc299a23a
q2_radius2,q2r2_s7_0011,q2r2_s7_0008,stratum_null_q2r2_s7_0008,2,2,81f92f17fdc5
q2_radius2,q2r2_s7_0012,q2r2_s7_0012_center_only_projection,center_only_projection,2,2,80ba88ec1a93
q2_radius2,q2r2_s7_0012,q2r2_s7_0012_left_neighbor_removed,left_neighbor_removed,2,2,3b08cf279d83
q2_radius2,q2r2_s7_0012,q2r2_s7_0012_right_neighbor_removed,right_neighbor_removed,2,2,b1195dc3230c
q2_radius2,q2r2_s7_0012,q2r2_s7_0012_left_right_symmetrized_rule,left_right_symmetrized_rule,2,2,cbe0b59fca60
q2_radius2,q2r2_s7_0012,q2r2_s7_0012_inner_neighbors_only,inner_neighbors_only,2,2,41be6a916ce9
q2_radius2,q2r2_s7_0012,q2r2_s7_0012_outer_neighbors_removed,outer_neighbors_removed,2,2,41be6a916ce9
q2_radius2,q2r2_s7_0012,q2r2_s7_0012_output_histogram_random,output_distribution_matched_random,2,2,93f72ea4f87c
q2_radius2,q2r2_s7_0012,q2r2_s7_0024,stratum_null_q2r2_s7_0024,2,2,aabd0adbdca5
q2_radius2,q2r2_s7_0012,q2r2_s7_0019,stratum_null_q2r2_s7_0019,2,2,c2fda5902a74
q2_radius2,q2r2_s7_0012,q2r2_s7_0006,stratum_null_q2r2_s7_0006,2,2,8959036a564c
q2_radius2,q2r2_s7_0012,q2r2_s7_0007,stratum_null_q2r2_s7_0007,2,2,1f20fa194a4e
q2_radius2,q2r2_s7_0012,q2r2_s7_0010,stratum_null_q2r2_s7_0010,2,2,dce1d1a888b9
q2_radius2,q2r2_s7_0012,q2r2_s7_0005,stratum_null_q2r2_s7_0005,2,2,e8c8dc946ea5
q2_radius2,q2r2_s7_0012,q2r2_s7_0002,stratum_null_q2r2_s7_0002,2,2,9ed43f828770
q2_radius2,q2r2_s7_0012,q2r2_s7_0023,stratum_null_q2r2_s7_0023,2,2,eb46ef85f13e
q2_radius2,q2r2_s7_0012,q2r2_s7_0020,stratum_null_q2r2_s7_0020,2,2,541d91c6cf97
q2_radius2,q2r2_s7_0012,q2r2_s7_0017,stratum_null_q2r2_s7_0017,2,2,a36d20ef764a
q2_radius2,q2r2_s7_0014,q2r2_s7_0014_center_only_projection,center_only_projection,2,2,80ba88ec1a93
q2_radius2,q2r2_s7_0014,q2r2_s7_0014_left_neighbor_removed,left_neighbor_removed,2,2,a9f984c235c9
q2_radius2,q2r2_s7_0014,q2r2_s7_0014_right_neighbor_removed,right_neighbor_removed,2,2,52f6df6f2128
q2_radius2,q2r2_s7_0014,q2r2_s7_0014_left_right_symmetrized_rule,left_right_symmetrized_rule,2,2,82e878d921f3
q2_radius2,q2r2_s7_0014,q2r2_s7_0014_inner_neighbors_only,inner_neighbors_only,2,2,ec7cf08eac8b
q2_radius2,q2r2_s7_0014,q2r2_s7_0014_outer_neighbors_removed,outer_neighbors_removed,2,2,ec7cf08eac8b
q2_radius2,q2r2_s7_0014,q2r2_s7_0014_output_histogram_random,output_distribution_matched_random,2,2,1f0e1af67a72
q2_radius2,q2r2_s7_0014,q2r2_s7_0022,stratum_null_q2r2_s7_0022,2,2,2906c80a4313
q2_radius2,q2r2_s7_0014,q2r2_s7_0004,stratum_null_q2r2_s7_0004,2,2,97ffc299a23a
q2_radius2,q2r2_s7_0014,q2r2_s7_0008,stratum_null_q2r2_s7_0008,2,2,81f92f17fdc5
q2_radius2,q2r2_s7_0014,q2r2_s7_0011,stratum_null_q2r2_s7_0011,2,2,c26e87e5ce8b
q2_radius2,q2r2_s7_0014,q2r2_s7_0015,stratum_null_q2r2_s7_0015,2,2,c236962748ed
q2_radius2,q2r2_s7_0014,q2r2_s7_0016,stratum_null_q2r2_s7_0016,2,2,f36072cd4a8d
q2_radius2,q2r2_s7_0014,q2r2_s7_0009,stratum_null_q2r2_s7_0009,2,2,194743abf6da
q2_radius2,q2r2_s7_0014,q2r2_s7_0021,stratum_null_q2r2_s7_0021,2,2,87c7b858c9a0
q2_radius2,q2r2_s7_0014,q2r2_s7_0001,stratum_null_q2r2_s7_0001,2,2,dac752af588d
q2_radius2,q2r2_s7_0014,q2r2_s7_0003,stratum_null_q2r2_s7_0003,2,2,db98bf6f63a8
q2_radius2,q2r2_s7_0016,q2r2_s7_0016_center_only_projection,center_only_projection,2,2,de8a847bff8c
q2_radius2,q2r2_s7_0016,q2r2_s7_0016_left_neighbor_removed,left_neighbor_removed,2,2,5a0e9c45848e
q2_radius2,q2r2_s7_0016,q2r2_s7_0016_right_neighbor_removed,right_neighbor_removed,2,2,0e7e8c3e3e22
q2_radius2,q2r2_s7_0016,q2r2_s7_0016_left_right_symmetrized_rule,left_right_symmetrized_rule,2,2,f36072cd4a8d
q2_radius2,q2r2_s7_0016,q2r2_s7_0016_inner_neighbors_only,inner_neighbors_only,2,2,4142057ec0ae
q2_radius2,q2r2_s7_0016,q2r2_s7_0016_outer_neighbors_removed,outer_neighbors_removed,2,2,4142057ec0ae
q2_radius2,q2r2_s7_0016,q2r2_s7_0016_output_histogram_random,output_distribution_matched_random,2,2,e9356201fedb
q2_radius2,q2r2_s7_0016,q2r2_s7_0009,stratum_null_q2r2_s7_0009,2,2,194743abf6da
q2_radius2,q2r2_s7_0016,q2r2_s7_0021,stratum_null_q2r2_s7_0021,2,2,87c7b858c9a0
q2_radius2,q2r2_s7_0016,q2r2_s7_0001,stratum_null_q2r2_s7_0001,2,2,dac752af588d
q2_radius2,q2r2_s7_0016,q2r2_s7_0003,stratum_null_q2r2_s7_0003,2,2,db98bf6f63a8
q2_radius2,q2r2_s7_0016,q2r2_s7_0005,stratum_null_q2r2_s7_0005,2,2,e8c8dc946ea5
q2_radius2,q2r2_s7_0016,q2r2_s7_0002,stratum_null_q2r2_s7_0002,2,2,9ed43f828770
q2_radius2,q2r2_s7_0016,q2r2_s7_0023,stratum_null_q2r2_s7_0023,2,2,eb46ef85f13e
q2_radius2,q2r2_s7_0016,q2r2_s7_0020,stratum_null_q2r2_s7_0020,2,2,541d91c6cf97
q2_radius2,q2r2_s7_0016,q2r2_s7_0017,stratum_null_q2r2_s7_0017,2,2,a36d20ef764a
q2_radius2,q2r2_s7_0016,q2r2_s7_0000,stratum_null_q2r2_s7_0000,2,2,d96dadccd152
q2_radius2,q2r2_s7_0017,q2r2_s7_0017_center_only_projection,center_only_projection,2,2,de8a847bff8c
q2_radius2,q2r2_s7_0017,q2r2_s7_0017_left_neighbor_removed,left_neighbor_removed,2,2,a37b94b872a6
q2_radius2,q2r2_s7_0017,q2r2_s7_0017_right_neighbor_removed,right_neighbor_removed,2,2,be7c8fefda6b
q2_radius2,q2r2_s7_0017,q2r2_s7_0017_left_right_symmetrized_rule,left_right_symmetrized_rule,2,2,a36d20ef764a
q2_radius2,q2r2_s7_0017,q2r2_s7_0017_inner_neighbors_only,inner_neighbors_only,2,2,0cd99026b451
q2_radius2,q2r2_s7_0017,q2r2_s7_0017_outer_neighbors_removed,outer_neighbors_removed,2,2,0cd99026b451
q2_radius2,q2r2_s7_0017,q2r2_s7_0017_output_histogram_random,output_distribution_matched_random,2,2,88a8e79e8c36
q2_radius2,q2r2_s7_0017,q2r2_s7_0005,stratum_null_q2r2_s7_0005,2,2,e8c8dc946ea5
q2_radius2,q2r2_s7_0017,q2r2_s7_0002,stratum_null_q2r2_s7_0002,2,2,9ed43f828770
q2_radius2,q2r2_s7_0017,q2r2_s7_0023,stratum_null_q2r2_s7_0023,2,2,eb46ef85f13e
q2_radius2,q2r2_s7_0017,q2r2_s7_0020,stratum_null_q2r2_s7_0020,2,2,541d91c6cf97
q2_radius2,q2r2_s7_0017,q2r2_s7_0000,stratum_null_q2r2_s7_0000,2,2,d96dadccd152
q2_radius2,q2r2_s7_0017,q2r2_s7_0024,stratum_null_q2r2_s7_0024,2,2,aabd0adbdca5
q2_radius2,q2r2_s7_0017,q2r2_s7_0012,stratum_null_q2r2_s7_0012,2,2,cbe0b59fca60
q2_radius2,q2r2_s7_0017,q2r2_s7_0019,stratum_null_q2r2_s7_0019,2,2,c2fda5902a74
q2_radius2,q2r2_s7_0017,q2r2_s7_0006,stratum_null_q2r2_s7_0006,2,2,8959036a564c
q2_radius2,q2r2_s7_0017,q2r2_s7_0007,stratum_null_q2r2_s7_0007,2,2,1f20fa194a4e
q2_radius2,q2r2_s7_0019,q2r2_s7_0019_center_only_projection,center_only_projection,2,2,de8a847bff8c
q2_radius2,q2r2_s7_0019,q2r2_s7_0019_left_neighbor_removed,left_neighbor_removed,2,2,41ed1359659d
q2_radius2,q2r2_s7_0019,q2r2_s7_0019_right_neighbor_removed,right_neighbor_removed,2,2,88132583b9ab
q2_radius2,q2r2_s7_0019,q2r2_s7_0019_left_right_symmetrized_rule,left_right_symmetrized_rule,2,2,c2fda5902a74
q2_radius2,q2r2_s7_0019,q2r2_s7_0019_inner_neighbors_only,inner_neighbors_only,2,2,34ccc21149a1
q2_radius2,q2r2_s7_0019,q2r2_s7_0019_outer_neighbors_removed,outer_neighbors_removed,2,2,34ccc21149a1
q2_radius2,q2r2_s7_0019,q2r2_s7_0019_output_histogram_random,output_distribution_matched_random,2,2,2f4311c7ad7b
q2_radius2,q2r2_s7_0019,q2r2_s7_0024,stratum_null_q2r2_s7_0024,2,2,aabd0adbdca5
q2_radius2,q2r2_s7_0019,q2r2_s7_0012,stratum_null_q2r2_s7_0012,2,2,cbe0b59fca60
q2_radius2,q2r2_s7_0019,q2r2_s7_0006,stratum_null_q2r2_s7_0006,2,2,8959036a564c
q2_radius2,q2r2_s7_0019,q2r2_s7_0007,stratum_null_q2r2_s7_0007,2,2,1f20fa194a4e
q2_radius2,q2r2_s7_0019,q2r2_s7_0010,stratum_null_q2r2_s7_0010,2,2,dce1d1a888b9
q2_radius2,q2r2_s7_0019,q2r2_s7_0005,stratum_null_q2r2_s7_0005,2,2,e8c8dc946ea5
q2_radius2,q2r2_s7_0019,q2r2_s7_0002,stratum_null_q2r2_s7_0002,2,2,9ed43f828770
q2_radius2,q2r2_s7_0019,q2r2_s7_0023,stratum_null_q2r2_s7_0023,2,2,eb46ef85f13e
q2_radius2,q2r2_s7_0019,q2r2_s7_0020,stratum_null_q2r2_s7_0020,2,2,541d91c6cf97
q2_radius2,q2r2_s7_0019,q2r2_s7_0017,stratum_null_q2r2_s7_0017,2,2,a36d20ef764a
q2_radius2,q2r2_s7_0021,q2r2_s7_0021_center_only_projection,center_only_projection,2,2,de8a847bff8c
q2_radius2,q2r2_s7_0021,q2r2_s7_0021_left_neighbor_removed,left_neighbor_removed,2,2,5a0e9c45848e
q2_radius2,q2r2_s7_0021,q2r2_s7_0021_right_neighbor_removed,right_neighbor_removed,2,2,0e7e8c3e3e22
q2_radius2,q2r2_s7_0021,q2r2_s7_0021_left_right_symmetrized_rule,left_right_symmetrized_rule,2,2,87c7b858c9a0
q2_radius2,q2r2_s7_0021,q2r2_s7_0021_inner_neighbors_only,inner_neighbors_only,2,2,df40394d0fd0
q2_radius2,q2r2_s7_0021,q2r2_s7_0021_outer_neighbors_removed,outer_neighbors_removed,2,2,df40394d0fd0
q2_radius2,q2r2_s7_0021,q2r2_s7_0021_output_histogram_random,output_distribution_matched_random,2,2,2da420287532
q2_radius2,q2r2_s7_0021,q2r2_s7_0016,stratum_null_q2r2_s7_0016,2,2,f36072cd4a8d
q2_radius2,q2r2_s7_0021,q2r2_s7_0009,stratum_null_q2r2_s7_0009,2,2,194743abf6da
q2_radius2,q2r2_s7_0021,q2r2_s7_0001,stratum_null_q2r2_s7_0001,2,2,dac752af588d
q2_radius2,q2r2_s7_0021,q2r2_s7_0003,stratum_null_q2r2_s7_0003,2,2,db98bf6f63a8
q2_radius2,q2r2_s7_0021,q2r2_s7_0005,stratum_null_q2r2_s7_0005,2,2,e8c8dc946ea5
q2_radius2,q2r2_s7_0021,q2r2_s7_0002,stratum_null_q2r2_s7_0002,2,2,9ed43f828770
q2_radius2,q2r2_s7_0021,q2r2_s7_0023,stratum_null_q2r2_s7_0023,2,2,eb46ef85f13e
q2_radius2,q2r2_s7_0021,q2r2_s7_0020,stratum_null_q2r2_s7_0020,2,2,541d91c6cf97
q2_radius2,q2r2_s7_0021,q2r2_s7_0017,stratum_null_q2r2_s7_0017,2,2,a36d20ef764a
q2_radius2,q2r2_s7_0021,q2r2_s7_0000,stratum_null_q2r2_s7_0000,2,2,d96dadccd152
q2_radius2,q2r2_s7_0023,q2r2_s7_0023_center_only_projection,center_only_projection,2,2,de8a847bff8c
q2_radius2,q2r2_s7_0023,q2r2_s7_0023_left_neighbor_removed,left_neighbor_removed,2,2,4c93ce15ef8d
q2_radius2,q2r2_s7_0023,q2r2_s7_0023_right_neighbor_removed,right_neighbor_removed,2,2,18c6a589492d
q2_radius2,q2r2_s7_0023,q2r2_s7_0023_left_right_symmetrized_rule,left_right_symmetrized_rule,2,2,eb46ef85f13e
q2_radius2,q2r2_s7_0023,q2r2_s7_0023_inner_neighbors_only,inner_neighbors_only,2,2,d69b94c1f805
q2_radius2,q2r2_s7_0023,q2r2_s7_0023_outer_neighbors_removed,outer_neighbors_removed,2,2,d69b94c1f805
q2_radius2,q2r2_s7_0023,q2r2_s7_0023_output_histogram_random,output_distribution_matched_random,2,2,0e2fb0d32b07
q2_radius2,q2r2_s7_0023,q2r2_s7_0005,stratum_null_q2r2_s7_0005,2,2,e8c8dc946ea5
q2_radius2,q2r2_s7_0023,q2r2_s7_0002,stratum_null_q2r2_s7_0002,2,2,9ed43f828770
q2_radius2,q2r2_s7_0023,q2r2_s7_0020,stratum_null_q2r2_s7_0020,2,2,541d91c6cf97
q2_radius2,q2r2_s7_0023,q2r2_s7_0017,stratum_null_q2r2_s7_0017,2,2,a36d20ef764a
q2_radius2,q2r2_s7_0023,q2r2_s7_0000,stratum_null_q2r2_s7_0000,2,2,d96dadccd152
q2_radius2,q2r2_s7_0023,q2r2_s7_0024,stratum_null_q2r2_s7_0024,2,2,aabd0adbdca5
q2_radius2,q2r2_s7_0023,q2r2_s7_0012,stratum_null_q2r2_s7_0012,2,2,cbe0b59fca60
q2_radius2,q2r2_s7_0023,q2r2_s7_0019,stratum_null_q2r2_s7_0019,2,2,c2fda5902a74
q2_radius2,q2r2_s7_0023,q2r2_s7_0006,stratum_null_q2r2_s7_0006,2,2,8959036a564c
q2_radius2,q2r2_s7_0023,q2r2_s7_0007,stratum_null_q2r2_s7_0007,2,2,1f20fa194a4e
q2_radius2,q2r2_s7_0024,q2r2_s7_0024_center_only_projection,center_only_projection,2,2,80ba88ec1a93
q2_radius2,q2r2_s7_0024,q2r2_s7_0024_left_neighbor_removed,left_neighbor_removed,2,2,a6a198a604fb
q2_radius2,q2r2_s7_0024,q2r2_s7_0024_right_neighbor_removed,right_neighbor_removed,2,2,587e9fd3dd45
q2_radius2,q2r2_s7_0024,q2r2_s7_0024_left_right_symmetrized_rule,left_right_symmetrized_rule,2,2,aabd0adbdca5
q2_radius2,q2r2_s7_0024,q2r2_s7_0024_inner_neighbors_only,inner_neighbors_only,2,2,d0d657f1881f
q2_radius2,q2r2_s7_0024,q2r2_s7_0024_outer_neighbors_removed,outer_neighbors_removed,2,2,d0d657f1881f
q2_radius2,q2r2_s7_0024,q2r2_s7_0024_output_histogram_random,output_distribution_matched_random,2,2,adb7a95ca28f
q2_radius2,q2r2_s7_0024,q2r2_s7_0012,stratum_null_q2r2_s7_0012,2,2,cbe0b59fca60
q2_radius2,q2r2_s7_0024,q2r2_s7_0019,stratum_null_q2r2_s7_0019,2,2,c2fda5902a74
q2_radius2,q2r2_s7_0024,q2r2_s7_0006,stratum_null_q2r2_s7_0006,2,2,8959036a564c
q2_radius2,q2r2_s7_0024,q2r2_s7_0007,stratum_null_q2r2_s7_0007,2,2,1f20fa194a4e
q2_radius2,q2r2_s7_0024,q2r2_s7_0010,stratum_null_q2r2_s7_0010,2,2,dce1d1a888b9
q2_radius2,q2r2_s7_0024,q2r2_s7_0005,stratum_null_q2r2_s7_0005,2,2,e8c8dc946ea5
q2_radius2,q2r2_s7_0024,q2r2_s7_0002,stratum_null_q2r2_s7_0002,2,2,9ed43f828770
q2_radius2,q2r2_s7_0024,q2r2_s7_0023,stratum_null_q2r2_s7_0023,2,2,eb46ef85f13e
q2_radius2,q2r2_s7_0024,q2r2_s7_0020,stratum_null_q2r2_s7_0020,2,2,541d91c6cf97
q2_radius2,q2r2_s7_0024,q2r2_s7_0017,stratum_null_q2r2_s7_0017,2,2,a36d20ef764a
q2_radius2,q2r2_s8_0007,q2r2_s8_0007_center_only_projection,center_only_projection,2,2,80ba88ec1a93
q2_radius2,q2r2_s8_0007,q2r2_s8_0007_left_neighbor_removed,left_neighbor_removed,2,2,80ba88ec1a93
q2_radius2,q2r2_s8_0007,q2r2_s8_0007_right_neighbor_removed,right_neighbor_removed,2,2,c202f45d12af
q2_radius2,q2r2_s8_0007,q2r2_s8_0007_left_right_symmetrized_rule,left_right_symmetrized_rule,2,2,80ba88ec1a93
q2_radius2,q2r2_s8_0007,q2r2_s8_0007_inner_neighbors_only,inner_neighbors_only,2,2,80ba88ec1a93
q2_radius2,q2r2_s8_0007,q2r2_s8_0007_outer_neighbors_removed,outer_neighbors_removed,2,2,80ba88ec1a93
q2_radius2,q2r2_s8_0007,q2r2_s8_0007_output_histogram_random,output_distribution_matched_random,2,2,c363df354aef
q2_radius2,q2r2_s8_0007,q2r2_s8_0002,stratum_null_q2r2_s8_0002,2,2,f118ea40d77a
q2_radius2,q2r2_s8_0007,q2r2_s8_0005,stratum_null_q2r2_s8_0005,2,2,3fdb3e580a19
q2_radius2,q2r2_s8_0007,q2r2_s8_0008,stratum_null_q2r2_s8_0008,2,2,242961630f24
q2_radius2,q2r2_s8_0007,q2r2_s8_0012,stratum_null_q2r2_s8_0012,2,2,c693b19059bd
q2_radius2,q2r2_s8_0007,q2r2_s8_0013,stratum_null_q2r2_s8_0013,2,2,6dae15c297c7
q2_radius2,q2r2_s8_0007,q2r2_s8_0018,stratum_null_q2r2_s8_0018,2,2,e241020de2a7
q2_radius2,q2r2_s8_0007,q2r2_s8_0015,stratum_null_q2r2_s8_0015,2,2,d036b4f6c9d1
q2_radius2,q2r2_s8_0007,q2r2_s8_0016,stratum_null_q2r2_s8_0016,2,2,506346207626
q2_radius2,q2r2_s8_0007,q2r2_s8_0017,stratum_null_q2r2_s8_0017,2,2,b018c62b18ad
q2_radius2,q2r2_s8_0007,q2r2_s8_0019,stratum_null_q2r2_s8_0019,2,2,b018c62b18ad
ECA_anchor,ECA_169,ECA_169_center_only_projection,center_only_projection,2,1,c0357a32ed1f
ECA_anchor,ECA_169,ECA_169_left_neighbor_removed,left_neighbor_removed,2,1,4857905b012a
ECA_anchor,ECA_169,ECA_169_right_neighbor_removed,right_neighbor_removed,2,1,42e4c58270b1
ECA_anchor,ECA_169,ECA_169_left_right_symmetrized_rule,left_right_symmetrized_rule,2,1,de7cab58f2a0
ECA_anchor,ECA_169,ECA_169_output_histogram_random,output_distribution_matched_random,2,1,eb0715dbb235
ECA_anchor,ECA_225,ECA_225_center_only_projection,center_only_projection,2,1,c0357a32ed1f
ECA_anchor,ECA_225,ECA_225_left_neighbor_removed,left_neighbor_removed,2,1,e43b52ab185c
ECA_anchor,ECA_225,ECA_225_right_neighbor_removed,right_neighbor_removed,2,1,9dab071bdf2b
ECA_anchor,ECA_225,ECA_225_left_right_symmetrized_rule,left_right_symmetrized_rule,2,1,de7cab58f2a0
ECA_anchor,ECA_225,ECA_225_output_histogram_random,output_distribution_matched_random,2,1,6955524865d8
ECA_anchor,ECA_73,ECA_73_center_only_projection,center_only_projection,2,1,936181504263
ECA_anchor,ECA_73,ECA_73_left_neighbor_removed,left_neighbor_removed,2,1,7202b91bf186
ECA_anchor,ECA_73,ECA_73_right_neighbor_removed,right_neighbor_removed,2,1,f96a71cc1bf3
ECA_anchor,ECA_73,ECA_73_left_right_symmetrized_rule,left_right_symmetrized_rule,2,1,06923fe1be19
ECA_anchor,ECA_73,ECA_73_output_histogram_random,output_distribution_matched_random,2,1,c0613066e2b9
ECA_anchor,ECA_109,ECA_109_center_only_projection,center_only_projection,2,1,936181504263
ECA_anchor,ECA_109,ECA_109_left_neighbor_removed,left_neighbor_removed,2,1,7202b91bf186
ECA_anchor,ECA_109,ECA_109_right_neighbor_removed,right_neighbor_removed,2,1,f96a71cc1bf3
ECA_anchor,ECA_109,ECA_109_left_right_symmetrized_rule,left_right_symmetrized_rule,2,1,ccb3a3a4da7a
ECA_anchor,ECA_109,ECA_109_output_histogram_random,output_distribution_matched_random,2,1,5e0664c8f57d
ECA_anchor,ECA_54,ECA_54_center_only_projection,center_only_projection,2,1,05fe40575316
ECA_anchor,ECA_54,ECA_54_left_neighbor_removed,left_neighbor_removed,2,1,1b056082d8b6
ECA_anchor,ECA_54,ECA_54_right_neighbor_removed,right_neighbor_removed,2,1,005d2e24f23c
ECA_anchor,ECA_54,ECA_54_left_right_symmetrized_rule,left_right_symmetrized_rule,2,1,3de18eb22934
ECA_anchor,ECA_54,ECA_54_output_histogram_random,output_distribution_matched_random,2,1,809d92a203b5
