space,parent_rule_id,control_rule_id,control_type,output_entropy_difference,dependency_degree_difference,activity_density_difference,quiescent_preservation_match,rule_table_hamming_distance,left_right_dependency_preserved,center_dependency_preserved
q3_radius1,q3r1_s1_0002,q3r1_s1_0002_left_right_symmetrized_rule,left_right_symmetrized_rule,0.1798056656397533,0.0,0.017671975476002744,True,0.2222222222222222,False,True
q3_radius1,q3r1_s1_0002,q3r1_s1_0002_left_neighbor_removed,left_neighbor_removed,0.04852015052248837,1.0,0.08336283217164286,True,0.4444444444444444,True,True
q3_radius1,q3r1_s1_0002,q3r1_s1_0002_center_only_projection,center_only_projection,0.005949293441185111,2.0,0.036285898606447375,True,0.5555555555555556,False,True
q3_radius1,q3r1_s1_0002,q3r1_s1_0002_symbol_phase_only,symbol_phase_only,0.6607173732254814,2.0,0.01801549156739224,True,0.5555555555555556,False,True
q3_radius1,q3r1_s1_0002,q3r1_s1_0002_right_neighbor_removed,right_neighbor_removed,0.04852015052248837,1.0,0.1846572920592906,True,0.4074074074074074,True,True
q3_radius1,q3r1_s1_0002,q3r1_s1_0002_output_histogram_random,output_distribution_matched_random,0.0,0.0,0.045210133751465875,False,0.7407407407407407,True,True
q3_radius1,q3r1_s2_0046,q3r1_s2_0046_center_only_projection,center_only_projection,1.3800943362833298,2.0,0.5978316517136484,True,0.7777777777777778,False,False
q3_radius1,q3r1_s2_0046,q3r1_s2_0046_symbol_phase_only,symbol_phase_only,1.3800943362833298,2.0,0.4002181902731138,False,0.4074074074074074,False,False
q3_radius1,q3r1_s2_0046,q3r1_s2_0046_left_neighbor_removed,left_neighbor_removed,0.38901827644510756,1.0,0.4868779991105287,True,0.4444444444444444,True,True
q3_radius1,q3r1_s2_0046,q3r1_s2_0046_left_right_symmetrized_rule,left_right_symmetrized_rule,0.019113205356887653,0.0,0.49455691034566135,True,0.1111111111111111,False,True
q3_radius1,q3r1_s2_0046,q3r1_s2_0046_right_neighbor_removed,right_neighbor_removed,0.1503987204741528,1.0,0.006723177130924185,True,0.4444444444444444,True,True
q3_radius1,q3r1_s2_0046,q3r1_s2_0046_output_histogram_random,output_distribution_matched_random,0.0,0.0,0.0221298693681089,True,0.48148148148148145,True,True
q3_radius1,q3r1_s3_0020,q3r1_s3_0020_center_only_projection,center_only_projection,1.4618278953766808,2.0,0.28846150299726636,True,0.48148148148148145,False,False
q3_radius1,q3r1_s3_0020,q3r1_s3_0020_symbol_phase_only,symbol_phase_only,1.4618278953766808,2.0,0.28846270020245107,True,0.48148148148148145,False,False
q3_radius1,q3r1_s3_0020,q3r1_s3_0020_left_neighbor_removed,left_neighbor_removed,0.958569560601035,1.0,0.21474779511985256,True,0.4074074074074074,True,True
q3_radius1,q3r1_s3_0020,q3r1_s3_0020_right_neighbor_removed,right_neighbor_removed,0.2374334499706947,1.0,0.010165818718209374,True,0.48148148148148145,True,True
q3_radius1,q3r1_s3_0020,q3r1_s3_0020_left_right_symmetrized_rule,left_right_symmetrized_rule,0.3807718524691648,0.0,0.2123720938699287,True,0.2222222222222222,False,True
q3_radius1,q3r1_s3_0020,q3r1_s3_0020_output_histogram_random,output_distribution_matched_random,0.0,0.0,0.12628769456294542,True,0.5555555555555556,True,True
q3_radius1,q3r1_s3_0047,q3r1_s3_0047_center_only_projection,center_only_projection,1.561015010593309,2.0,0.3301777756005003,True,0.5925925925925926,False,False
q3_radius1,q3r1_s3_0047,q3r1_s3_0047_right_neighbor_removed,right_neighbor_removed,0.33662056518732286,1.0,0.32972677874053896,True,0.4444444444444444,True,True
q3_radius1,q3r1_s3_0047,q3r1_s3_0047_left_right_symmetrized_rule,left_right_symmetrized_rule,0.4068416176473819,0.0,0.3298588728579397,True,0.3333333333333333,False,True
q3_radius1,q3r1_s3_0047,q3r1_s3_0047_symbol_phase_only,symbol_phase_only,0.6427191765388194,2.0,0.32996746159901164,True,0.48148148148148145,False,True
q3_radius1,q3r1_s3_0047,q3r1_s3_0047_left_neighbor_removed,left_neighbor_removed,0.030521953835826565,1.0,0.17957175777204787,True,0.48148148148148145,True,True
q3_radius1,q3r1_s3_0047,q3r1_s3_0047_output_histogram_random,output_distribution_matched_random,0.0,0.0,0.10091402377301484,True,0.7037037037037037,True,True
q3_radius1,q3r1_s4_0014,q3r1_s4_0014_right_neighbor_removed,right_neighbor_removed,0.06372924836322502,1.0,0.021414126569067493,True,0.48148148148148145,True,True
q3_radius1,q3r1_s4_0014,q3r1_s4_0014_symbol_phase_only,symbol_phase_only,0.5375806379732699,2.0,0.08294755069368298,True,0.4444444444444444,False,True
q3_radius1,q3r1_s4_0014,q3r1_s4_0014_left_right_symmetrized_rule,left_right_symmetrized_rule,0.06165231737124022,0.0,0.0759855645906623,True,0.2222222222222222,False,True
q3_radius1,q3r1_s4_0014,q3r1_s4_0014_center_only_projection,center_only_projection,0.12908602869339658,2.0,0.36096038223474813,True,0.5185185185185185,False,True
q3_radius1,q3r1_s4_0014,q3r1_s4_0014_left_neighbor_removed,left_neighbor_removed,0.12908602869339658,1.0,0.4155723095869693,True,0.5185185185185185,True,True
q3_radius1,q3r1_s4_0014,q3r1_s4_0014_output_histogram_random,output_distribution_matched_random,0.0,0.0,0.024454075922975216,False,0.48148148148148145,True,True
q3_radius1,q3r1_s5_0012,q3r1_s5_0012_left_neighbor_removed,left_neighbor_removed,0.587937147441749,1.0,0.3362158167431926,True,0.4444444444444444,True,True
q3_radius1,q3r1_s5_0012,q3r1_s5_0012_symbol_phase_only,symbol_phase_only,0.6607173732254816,2.0,0.3362844664218598,True,0.5555555555555556,False,True
q3_radius1,q3r1_s5_0012,q3r1_s5_0012_center_only_projection,center_only_projection,0.6607173732254816,2.0,0.11841047112239966,True,0.6296296296296297,False,True
q3_radius1,q3r1_s5_0012,q3r1_s5_0012_left_right_symmetrized_rule,left_right_symmetrized_rule,0.2576867884546281,0.0,0.1717291194328323,True,0.2962962962962963,False,True
q3_radius1,q3r1_s5_0012,q3r1_s5_0012_right_neighbor_removed,right_neighbor_removed,0.14349270299730454,1.0,0.4575543394330417,True,0.48148148148148145,True,True
q3_radius1,q3r1_s5_0012,q3r1_s5_0012_output_histogram_random,output_distribution_matched_random,0.0,0.0,0.25417604502181557,False,0.6666666666666666,True,True
q3_radius1,q3r1_s5_0016,q3r1_s5_0016_symbol_phase_only,symbol_phase_only,0.6427191765388192,2.0,0.8272980063514636,True,0.4444444444444444,False,True
q3_radius1,q3r1_s5_0016,q3r1_s5_0016_right_neighbor_removed,right_neighbor_removed,0.03052195383582612,1.0,0.2622339274683426,True,0.4074074074074074,True,True
q3_radius1,q3r1_s5_0016,q3r1_s5_0016_center_only_projection,center_only_projection,0.02394749012784736,2.0,0.6101417244061624,True,0.6296296296296297,False,True
q3_radius1,q3r1_s5_0016,q3r1_s5_0016_left_neighbor_removed,left_neighbor_removed,0.02394749012784736,1.0,0.5657616182145087,True,0.37037037037037035,True,True
q3_radius1,q3r1_s5_0016,q3r1_s5_0016_left_right_symmetrized_rule,left_right_symmetrized_rule,0.01616582187639959,0.0,0.5364379659730789,True,0.18518518518518517,False,True
q3_radius1,q3r1_s5_0016,q3r1_s5_0016_output_histogram_random,output_distribution_matched_random,0.0,0.0,0.1066458332143565,False,0.7037037037037037,True,True
q3_radius1,q3r1_s7_0000,q3r1_s7_0000_center_only_projection,center_only_projection,0.01859523382251993,2.0,0.34485020925659415,True,0.5555555555555556,True,True
q3_radius1,q3r1_s7_0000,q3r1_s7_0000_symbol_phase_only,symbol_phase_only,0.6480714328441466,2.0,0.45312097709313703,True,0.48148148148148145,True,True
q3_radius1,q3r1_s7_0000,q3r1_s7_0000_left_neighbor_removed,left_neighbor_removed,0.01859523382251993,1.0,0.35830229671842634,True,0.5555555555555556,False,True
q3_radius1,q3r1_s7_0000,q3r1_s7_0000_right_neighbor_removed,right_neighbor_removed,0.01859523382251993,1.0,0.35781136079606024,True,0.5555555555555556,False,True
q3_radius1,q3r1_s7_0000,q3r1_s7_0000_left_right_symmetrized_rule,left_right_symmetrized_rule,0.0,0.0,1.5392638088584931e-06,True,0.0,True,True
q3_radius1,q3r1_s7_0000,q3r1_s7_0000_output_histogram_random,output_distribution_matched_random,0.0,0.0,0.07609195969490501,False,0.7407407407407407,False,True
q3_radius1,q3r1_s7_0001,q3r1_s7_0001_left_neighbor_removed,left_neighbor_removed,0.10423235687436727,1.0,0.12366153947558789,True,0.4074074074074074,False,True
q3_radius1,q3r1_s7_0001,q3r1_s7_0001_right_neighbor_removed,right_neighbor_removed,0.10423235687436727,1.0,0.10344220880876498,True,0.4074074074074074,False,True
q3_radius1,q3r1_s7_0001,q3r1_s7_0001_center_only_projection,center_only_projection,0.5375806379732699,2.0,0.636733153642502,True,0.4444444444444444,True,True
q3_radius1,q3r1_s7_0001,q3r1_s7_0001_left_right_symmetrized_rule,left_right_symmetrized_rule,0.0,0.0,0.0007162484509205536,True,0.0,True,True
q3_radius1,q3r1_s7_0001,q3r1_s7_0001_symbol_phase_only,symbol_phase_only,0.5375806379732699,2.0,0.6369428876315409,True,0.4444444444444444,True,True
q3_radius1,q3r1_s7_0001,q3r1_s7_0001_output_histogram_random,output_distribution_matched_random,0.0,0.0,0.010650627329568008,False,0.48148148148148145,False,True
q3_radius1,q3r1_s7_0002,q3r1_s7_0002_right_neighbor_removed,right_neighbor_removed,0.07461658472972288,1.0,0.3743714747140746,True,0.4444444444444444,False,True
q3_radius1,q3r1_s7_0002,q3r1_s7_0002_left_neighbor_removed,left_neighbor_removed,0.07461658472972288,1.0,0.37831820660864396,True,0.4444444444444444,False,True
q3_radius1,q3r1_s7_0002,q3r1_s7_0002_center_only_projection,center_only_projection,0.5375806379732699,2.0,0.5800348174037524,True,0.4444444444444444,True,True
q3_radius1,q3r1_s7_0002,q3r1_s7_0002_left_right_symmetrized_rule,left_right_symmetrized_rule,0.0,0.0,0.00035698279070339733,True,0.0,True,True
q3_radius1,q3r1_s7_0002,q3r1_s7_0002_symbol_phase_only,symbol_phase_only,0.5375806379732699,2.0,0.5806871306361743,True,0.4444444444444444,True,True
q3_radius1,q3r1_s7_0002,q3r1_s7_0002_output_histogram_random,output_distribution_matched_random,0.0,0.0,0.07348832098828884,False,0.5555555555555556,False,True
q3_radius1,q3r1_s7_0003,q3r1_s7_0003_symbol_phase_only,symbol_phase_only,0.612197222702993,2.0,0.07597415024309351,False,0.5185185185185185,True,True
q3_radius1,q3r1_s7_0003,q3r1_s7_0003_left_right_symmetrized_rule,left_right_symmetrized_rule,0.0,0.0,4.235578094535786e-05,True,0.0,True,True
q3_radius1,q3r1_s7_0003,q3r1_s7_0003_center_only_projection,center_only_projection,0.05446944396367348,2.0,0.7050616169533535,True,0.7037037037037037,True,True
q3_radius1,q3r1_s7_0003,q3r1_s7_0003_right_neighbor_removed,right_neighbor_removed,0.0,1.0,0.13044223450777825,True,0.4074074074074074,False,True
q3_radius1,q3r1_s7_0003,q3r1_s7_0003_left_neighbor_removed,left_neighbor_removed,0.0,1.0,0.1355718720493726,True,0.4074074074074074,False,True
q3_radius1,q3r1_s7_0003,q3r1_s7_0003_output_histogram_random,output_distribution_matched_random,0.0,0.0,0.13568380701611615,False,0.6666666666666666,False,True
q3_radius1,q3r1_s7_0004,q3r1_s7_0004_center_only_projection,center_only_projection,0.36167907984966785,2.0,0.46868538810030996,True,0.5555555555555556,True,True
q3_radius1,q3r1_s7_0004,q3r1_s7_0004_symbol_phase_only,symbol_phase_only,0.36167907984966785,2.0,0.03012925235383923,False,0.2962962962962963,True,True
q3_radius1,q3r1_s7_0004,q3r1_s7_0004_right_neighbor_removed,right_neighbor_removed,0.2888988540659352,1.0,0.4047029283311632,True,0.3333333333333333,False,True
q3_radius1,q3r1_s7_0004,q3r1_s7_0004_left_neighbor_removed,left_neighbor_removed,0.2888988540659352,1.0,0.36447575589601994,True,0.3333333333333333,False,True
q3_radius1,q3r1_s7_0004,q3r1_s7_0004_output_histogram_random,output_distribution_matched_random,0.0,0.0,0.3497974626269721,False,0.5185185185185185,False,True
q3_radius1,q3r1_s7_0004,q3r1_s7_0004_left_right_symmetrized_rule,left_right_symmetrized_rule,0.0,0.0,3.941110235439194e-06,True,0.0,True,True
q3_radius1,q3r1_s7_0005,q3r1_s7_0005_symbol_phase_only,symbol_phase_only,0.612197222702993,2.0,0.37936066001014623,False,0.48148148148148145,True,True
q3_radius1,q3r1_s7_0005,q3r1_s7_0005_center_only_projection,center_only_projection,0.612197222702993,2.0,0.5090095490275304,True,0.7407407407407407,True,True
q3_radius1,q3r1_s7_0005,q3r1_s7_0005_left_neighbor_removed,left_neighbor_removed,0.0,1.0,0.10525215996636272,True,0.5185185185185185,False,True
q3_radius1,q3r1_s7_0005,q3r1_s7_0005_right_neighbor_removed,right_neighbor_removed,0.0,1.0,0.10426782678674762,True,0.5185185185185185,False,True
q3_radius1,q3r1_s7_0005,q3r1_s7_0005_left_right_symmetrized_rule,left_right_symmetrized_rule,0.0,0.0,0.0005939848009374193,True,0.0,True,True
q3_radius1,q3r1_s7_0005,q3r1_s7_0005_output_histogram_random,output_distribution_matched_random,0.0,0.0,0.0827160811098927,True,0.7407407407407407,False,True
q3_radius1,q3r1_s7_0008,q3r1_s7_0008_center_only_projection,center_only_projection,1.5304930567574826,2.0,0.4314317907738639,True,0.7777777777777778,True,False
q3_radius1,q3r1_s7_0008,q3r1_s7_0008_symbol_phase_only,symbol_phase_only,0.612197222702993,2.0,0.5664063541047986,False,0.48148148148148145,True,True
q3_radius1,q3r1_s7_0008,q3r1_s7_0008_left_neighbor_removed,left_neighbor_removed,2.220446049250313e-16,1.0,0.23824401022630362,True,0.48148148148148145,False,True
q3_radius1,q3r1_s7_0008,q3r1_s7_0008_right_neighbor_removed,right_neighbor_removed,2.220446049250313e-16,1.0,0.236969299018964,True,0.48148148148148145,False,True
q3_radius1,q3r1_s7_0008,q3r1_s7_0008_output_histogram_random,output_distribution_matched_random,0.0,0.0,0.5106061374002497,False,0.5185185185185185,False,True
q3_radius1,q3r1_s7_0008,q3r1_s7_0008_left_right_symmetrized_rule,left_right_symmetrized_rule,0.0,0.0,0.004201810959486962,True,0.0,True,True
q3_radius1,q3r1_s7_0011,q3r1_s7_0011_symbol_phase_only,symbol_phase_only,0.5878088501661143,2.0,0.32267884669015745,False,0.2962962962962963,True,True
q3_radius1,q3r1_s7_0011,q3r1_s7_0011_center_only_projection,center_only_projection,0.5878088501661143,2.0,0.5674425314741526,True,0.7777777777777778,True,True
q3_radius1,q3r1_s7_0011,q3r1_s7_0011_output_histogram_random,output_distribution_matched_random,0.0,0.0,0.24309365791186954,False,0.6296296296296297,False,True
q3_radius1,q3r1_s7_0011,q3r1_s7_0011_left_right_symmetrized_rule,left_right_symmetrized_rule,0.0,0.0,0.00035065470615558425,True,0.0,True,True
q3_radius1,q3r1_s7_0011,q3r1_s7_0011_left_neighbor_removed,left_neighbor_removed,0.07885781650055224,1.0,0.05037987394872001,True,0.37037037037037035,False,True
q3_radius1,q3r1_s7_0011,q3r1_s7_0011_right_neighbor_removed,right_neighbor_removed,0.07885781650055224,1.0,0.04920589900620975,True,0.37037037037037035,False,True
q3_radius1,q3r1_s7_0012,q3r1_s7_0012_center_only_projection,center_only_projection,1.5175287893989997,2.0,0.5487607691952592,True,0.7407407407407407,True,False
q3_radius1,q3r1_s7_0012,q3r1_s7_0012_symbol_phase_only,symbol_phase_only,0.5992329553445102,2.0,0.44929099873027833,False,0.4444444444444444,True,True
q3_radius1,q3r1_s7_0012,q3r1_s7_0012_left_neighbor_removed,left_neighbor_removed,0.06743371132215636,1.0,0.28120224564163776,True,0.5555555555555556,False,True
q3_radius1,q3r1_s7_0012,q3r1_s7_0012_right_neighbor_removed,right_neighbor_removed,0.06743371132215636,1.0,0.2807284126504821,True,0.5555555555555556,False,True
q3_radius1,q3r1_s7_0012,q3r1_s7_0012_left_right_symmetrized_rule,left_right_symmetrized_rule,0.0,0.0,0.0009751050328186128,True,0.0,True,True
q3_radius1,q3r1_s7_0012,q3r1_s7_0012_output_histogram_random,output_distribution_matched_random,0.0,0.0,0.002845779032270457,False,0.7407407407407407,False,True
q3_radius1,q3r1_s7_0013,q3r1_s7_0013_center_only_projection,center_only_projection,0.6494158234789691,2.0,0.0554980748345745,True,0.7407407407407407,True,True
q3_radius1,q3r1_s7_0013,q3r1_s7_0013_left_right_symmetrized_rule,left_right_symmetrized_rule,0.0,0.0,0.0002284208004005306,True,0.0,True,True
q3_radius1,q3r1_s7_0013,q3r1_s7_0013_output_histogram_random,output_distribution_matched_random,0.0,0.0,0.40517989933839316,False,0.8518518518518519,False,True
q3_radius1,q3r1_s7_0013,q3r1_s7_0013_symbol_phase_only,symbol_phase_only,0.6494158234789691,2.0,0.33702990139669375,False,0.5555555555555556,True,True
q3_radius1,q3r1_s7_0013,q3r1_s7_0013_left_neighbor_removed,left_neighbor_removed,0.03721860077597605,1.0,0.55418186299285,True,0.48148148148148145,False,True
q3_radius1,q3r1_s7_0013,q3r1_s7_0013_right_neighbor_removed,right_neighbor_removed,0.03721860077597605,1.0,0.5550711931076199,True,0.48148148148148145,False,True
q3_radius1,q3r1_s7_0014,q3r1_s7_0014_left_right_symmetrized_rule,left_right_symmetrized_rule,0.0,0.0,0.007695434153893288,True,0.0,True,True
q3_radius1,q3r1_s7_0014,q3r1_s7_0014_center_only_projection,center_only_projection,0.6494158234789691,2.0,0.530304408677605,True,0.4074074074074074,True,True
q3_radius1,q3r1_s7_0014,q3r1_s7_0014_right_neighbor_removed,right_neighbor_removed,0.21606754238006642,1.0,0.06471634654738523,True,0.4074074074074074,False,True
q3_radius1,q3r1_s7_0014,q3r1_s7_0014_left_neighbor_removed,left_neighbor_removed,0.21606754238006642,1.0,0.013810557463945328,True,0.4074074074074074,False,True
q3_radius1,q3r1_s7_0014,q3r1_s7_0014_symbol_phase_only,symbol_phase_only,0.6494158234789691,2.0,0.5300044827526309,True,0.4074074074074074,True,True
q3_radius1,q3r1_s7_0014,q3r1_s7_0014_output_histogram_random,output_distribution_matched_random,0.0,0.0,0.13292335673847178,True,0.5925925925925926,False,True
q3_radius1,q3r1_s7_0016,q3r1_s7_0016_left_neighbor_removed,left_neighbor_removed,0.0761213899068438,1.0,0.11753409461900732,True,0.4444444444444444,False,True
q3_radius1,q3r1_s7_0016,q3r1_s7_0016_right_neighbor_removed,right_neighbor_removed,0.0761213899068438,1.0,0.11740373310289887,True,0.4444444444444444,False,True
q3_radius1,q3r1_s7_0016,q3r1_s7_0016_symbol_phase_only,symbol_phase_only,0.5094696710057467,2.0,0.23994398953621854,False,0.4444444444444444,True,True
q3_radius1,q3r1_s7_0016,q3r1_s7_0016_center_only_projection,center_only_projection,0.5094696710057467,2.0,0.5418005305656448,True,0.6296296296296297,True,True
q3_radius1,q3r1_s7_0016,q3r1_s7_0016_left_right_symmetrized_rule,left_right_symmetrized_rule,0.0,0.0,0.00017733508848072344,True,0.0,True,True
q3_radius1,q3r1_s7_0016,q3r1_s7_0016_output_histogram_random,output_distribution_matched_random,0.0,0.0,0.11481604473865059,True,0.4444444444444444,False,True
q3_radius1,q3r1_s7_0017,q3r1_s7_0017_left_neighbor_removed,left_neighbor_removed,0.13834583309294812,1.0,0.0018883941233972523,True,0.48148148148148145,False,True
q3_radius1,q3r1_s7_0017,q3r1_s7_0017_right_neighbor_removed,right_neighbor_removed,0.13834583309294812,1.0,0.0019505818684897314,True,0.48148148148148145,False,True
q3_radius1,q3r1_s7_0017,q3r1_s7_0017_symbol_phase_only,symbol_phase_only,0.612197222702993,2.0,0.12550933272750298,False,0.4074074074074074,True,True
q3_radius1,q3r1_s7_0017,q3r1_s7_0017_left_right_symmetrized_rule,left_right_symmetrized_rule,0.0,0.0,0.0003744426526520739,True,0.0,True,True
q3_radius1,q3r1_s7_0017,q3r1_s7_0017_center_only_projection,center_only_projection,0.05446944396367348,2.0,0.6554945560923793,True,0.7407407407407407,True,True
q3_radius1,q3r1_s7_0017,q3r1_s7_0017_output_histogram_random,output_distribution_matched_random,0.0,0.0,0.31336841248629366,True,0.48148148148148145,False,True
q3_radius1,q3r1_s7_0018,q3r1_s7_0018_left_neighbor_removed,left_neighbor_removed,0.014356131959426754,1.0,0.3168447096677784,True,0.5185185185185185,False,True
q3_radius1,q3r1_s7_0018,q3r1_s7_0018_right_neighbor_removed,right_neighbor_removed,0.014356131959426754,1.0,0.3166506062706544,True,0.5185185185185185,False,True
q3_radius1,q3r1_s7_0018,q3r1_s7_0018_center_only_projection,center_only_projection,0.04011331200424695,2.0,0.10158167015506975,True,0.5555555555555556,True,True
q3_radius1,q3r1_s7_0018,q3r1_s7_0018_symbol_phase_only,symbol_phase_only,0.6265533546624196,2.0,0.10042581688358537,True,0.5185185185185185,True,True
q3_radius1,q3r1_s7_0018,q3r1_s7_0018_left_right_symmetrized_rule,left_right_symmetrized_rule,0.0,0.0,0.002752768830713903,True,0.0,True,True
q3_radius1,q3r1_s7_0018,q3r1_s7_0018_output_histogram_random,output_distribution_matched_random,0.0,0.0,0.48400884855095644,False,0.6296296296296297,False,True
q3_radius1,q3r1_s7_0021,q3r1_s7_0021_center_only_projection,center_only_projection,0.469393459108685,2.0,0.2952397218224598,True,0.5555555555555556,True,True
q3_radius1,q3r1_s7_0021,q3r1_s7_0021_left_neighbor_removed,left_neighbor_removed,0.03604517800978213,1.0,0.30925682320697034,True,0.37037037037037035,False,True
q3_radius1,q3r1_s7_0021,q3r1_s7_0021_output_histogram_random,output_distribution_matched_random,0.0,0.0,0.17950522736963936,True,0.6666666666666666,False,True
q3_radius1,q3r1_s7_0021,q3r1_s7_0021_right_neighbor_removed,right_neighbor_removed,0.03604517800978213,1.0,0.3106050918906288,True,0.37037037037037035,False,True
q3_radius1,q3r1_s7_0021,q3r1_s7_0021_symbol_phase_only,symbol_phase_only,0.469393459108685,2.0,0.2946375053063703,True,0.48148148148148145,True,True
q3_radius1,q3r1_s7_0021,q3r1_s7_0021_left_right_symmetrized_rule,left_right_symmetrized_rule,0.0,0.0,0.002540179395768616,True,0.0,True,True
q3_radius1,q3r1_s7_0022,q3r1_s7_0022_center_only_projection,center_only_projection,1.5175287893989997,2.0,0.544969116270426,True,0.5185185185185185,True,False
q3_radius1,q3r1_s7_0022,q3r1_s7_0022_left_neighbor_removed,left_neighbor_removed,0.29313434399301364,1.0,0.26600029779921275,True,0.4074074074074074,False,True
q3_radius1,q3r1_s7_0022,q3r1_s7_0022_right_neighbor_removed,right_neighbor_removed,0.29313434399301364,1.0,0.2653796696058724,True,0.4074074074074074,False,True
q3_radius1,q3r1_s7_0022,q3r1_s7_0022_symbol_phase_only,symbol_phase_only,0.5992329553445102,2.0,0.04594462285032519,False,0.4444444444444444,True,True
q3_radius1,q3r1_s7_0022,q3r1_s7_0022_left_right_symmetrized_rule,left_right_symmetrized_rule,0.0,0.0,8.789419430721424e-06,True,0.0,True,True
q3_radius1,q3r1_s7_0022,q3r1_s7_0022_output_histogram_random,output_distribution_matched_random,0.0,0.0,0.050963210315964624,False,0.6296296296296297,False,True
q3_radius1,q3r1_s7_0023,q3r1_s7_0023_symbol_phase_only,symbol_phase_only,0.6494158234789689,2.0,0.23023713169506876,False,0.4074074074074074,True,True
q3_radius1,q3r1_s7_0023,q3r1_s7_0023_center_only_projection,center_only_projection,0.6494158234789689,2.0,0.6590851008543495,True,0.7407407407407407,True,True
q3_radius1,q3r1_s7_0023,q3r1_s7_0023_right_neighbor_removed,right_neighbor_removed,0.03721860077597583,1.0,0.46170710959629707,True,0.4074074074074074,False,True
q3_radius1,q3r1_s7_0023,q3r1_s7_0023_left_neighbor_removed,left_neighbor_removed,0.03721860077597583,1.0,0.4606650874861035,True,0.4074074074074074,False,True
q3_radius1,q3r1_s7_0023,q3r1_s7_0023_left_right_symmetrized_rule,left_right_symmetrized_rule,0.0,0.0,0.0010921857510394206,True,0.0,True,True
q3_radius1,q3r1_s7_0023,q3r1_s7_0023_output_histogram_random,output_distribution_matched_random,0.0,0.0,0.16476348966185805,True,0.4444444444444444,False,True
q3_radius1,q3r1_s7_0024,q3r1_s7_0024_symbol_phase_only,symbol_phase_only,0.5601387656076224,2.0,0.2001402856778447,False,0.48148148148148145,True,True
q3_radius1,q3r1_s7_0024,q3r1_s7_0024_center_only_projection,center_only_projection,0.5601387656076224,2.0,0.6891619215699432,True,0.6666666666666666,True,True
q3_radius1,q3r1_s7_0024,q3r1_s7_0024_left_neighbor_removed,left_neighbor_removed,0.04291409537944535,1.0,0.023224865948712425,True,0.5185185185185185,False,True
q3_radius1,q3r1_s7_0024,q3r1_s7_0024_right_neighbor_removed,right_neighbor_removed,0.04291409537944535,1.0,0.023171073512027185,True,0.5185185185185185,False,True
q3_radius1,q3r1_s7_0024,q3r1_s7_0024_left_right_symmetrized_rule,left_right_symmetrized_rule,0.0,0.0,0.0001466167368153748,True,0.0,True,True
q3_radius1,q3r1_s7_0024,q3r1_s7_0024_output_histogram_random,output_distribution_matched_random,0.0,0.0,0.1370104070295366,False,0.5185185185185185,False,True
q2_radius2,q2r2_s1_0004,q2r2_s1_0004_center_only_projection,center_only_projection,0.954434002924965,4.0,0.41720557259304947,True,0.375,False,False
q2_radius2,q2r2_s1_0004,q2r2_s1_0004_left_neighbor_removed,left_neighbor_removed,0.14315587846583222,2.0,0.36480800140361036,True,0.4375,True,True
q2_radius2,q2r2_s1_0004,q2r2_s1_0004_inner_neighbors_only,inner_neighbors_only,0.14315587846583222,2.0,0.33826334992347395,True,0.3125,True,False
q2_radius2,q2r2_s1_0004,q2r2_s1_0004_outer_neighbors_removed,outer_neighbors_removed,0.14315587846583222,2.0,0.33794438273508576,True,0.3125,True,False
q2_radius2,q2r2_s1_0004,q2r2_s1_0004_right_neighbor_removed,right_neighbor_removed,0.0,2.0,0.18411379808570916,True,0.3125,True,True
q2_radius2,q2r2_s1_0004,q2r2_s1_0004_left_right_symmetrized_rule,left_right_symmetrized_rule,0.04556599707503495,0.0,0.027818229928118887,True,0.125,False,True
q2_radius2,q2r2_s1_0004,q2r2_s1_0004_output_histogram_random,output_distribution_matched_random,0.0,0.0,0.21729592366060557,True,0.3125,True,True
q2_radius2,q2r2_s1_0043,q2r2_s1_0043_center_only_projection,center_only_projection,0.9971803988942642,4.0,0.40713769666090505,True,0.53125,False,False
q2_radius2,q2r2_s1_0043,q2r2_s1_0043_left_neighbor_removed,left_neighbor_removed,0.45361595569466784,2.0,0.4070430604415407,True,0.53125,True,True
q2_radius2,q2r2_s1_0043,q2r2_s1_0043_inner_neighbors_only,inner_neighbors_only,0.1859022744351314,2.0,0.3452686510587992,True,0.46875,True,True
q2_radius2,q2r2_s1_0043,q2r2_s1_0043_left_right_symmetrized_rule,left_right_symmetrized_rule,0.1859022744351314,0.0,0.07446123486296397,True,0.21875,False,True
q2_radius2,q2r2_s1_0043,q2r2_s1_0043_right_neighbor_removed,right_neighbor_removed,0.04274639596929919,2.0,0.03713832604877354,True,0.34375,True,True
q2_radius2,q2r2_s1_0043,q2r2_s1_0043_outer_neighbors_removed,outer_neighbors_removed,0.1859022744351314,2.0,0.3455424070203358,True,0.46875,True,True
q2_radius2,q2r2_s1_0043,q2r2_s1_0043_output_histogram_random,output_distribution_matched_random,0.0,0.0,0.20373418162285778,True,0.375,True,True
q2_radius2,q2r2_s2_0007,q2r2_s2_0007_center_only_projection,center_only_projection,1.0,4.0,0.5976096903681366,True,0.5,False,False
q2_radius2,q2r2_s2_0007,q2r2_s2_0007_right_neighbor_removed,right_neighbor_removed,0.0,2.0,0.5009008039507948,True,0.375,True,True
q2_radius2,q2r2_s2_0007,q2r2_s2_0007_inner_neighbors_only,inner_neighbors_only,0.04556599707503495,2.0,0.2831986732805138,True,0.5,False,True
q2_radius2,q2r2_s2_0007,q2r2_s2_0007_outer_neighbors_removed,outer_neighbors_removed,0.04556599707503495,2.0,0.281271455503269,True,0.5,False,True
q2_radius2,q2r2_s2_0007,q2r2_s2_0007_left_neighbor_removed,left_neighbor_removed,0.04556599707503495,2.0,0.0591430168325362,True,0.375,True,True
q2_radius2,q2r2_s2_0007,q2r2_s2_0007_left_right_symmetrized_rule,left_right_symmetrized_rule,0.14285156257162845,0.0,0.2509380734687194,True,0.21875,False,True
q2_radius2,q2r2_s2_0007,q2r2_s2_0007_output_histogram_random,output_distribution_matched_random,0.0,0.0,0.15632200086171,False,0.4375,True,True
q2_radius2,q2r2_s4_0030,q2r2_s4_0030_center_only_projection,center_only_projection,0.9886994082884974,4.0,0.46078803525333517,True,0.4375,False,False
q2_radius2,q2r2_s4_0030,q2r2_s4_0030_left_neighbor_removed,left_neighbor_removed,0.44513496508890105,2.0,0.4607245808998589,True,0.375,True,True
q2_radius2,q2r2_s4_0030,q2r2_s4_0030_left_right_symmetrized_rule,left_right_symmetrized_rule,0.23082094575010204,0.0,0.4496466008930566,True,0.21875,False,True
q2_radius2,q2r2_s4_0030,q2r2_s4_0030_inner_neighbors_only,inner_neighbors_only,0.01130059171150255,3.0,0.33347075166758045,True,0.375,True,True
q2_radius2,q2r2_s4_0030,q2r2_s4_0030_outer_neighbors_removed,outer_neighbors_removed,0.01130059171150255,3.0,0.3333036882525686,True,0.375,True,True
q2_radius2,q2r2_s4_0030,q2r2_s4_0030_right_neighbor_removed,right_neighbor_removed,0.01130059171150255,2.0,0.04550995805032687,True,0.3125,True,True
q2_radius2,q2r2_s4_0030,q2r2_s4_0030_output_histogram_random,output_distribution_matched_random,0.0,0.0,0.0653088763598268,False,0.5,True,True
q2_radius2,q2r2_s7_0002,q2r2_s7_0002_center_only_projection,center_only_projection,0.01130059171150255,4.0,0.15014848715303156,True,0.4375,True,True
q2_radius2,q2r2_s7_0002,q2r2_s7_0002_left_neighbor_removed,left_neighbor_removed,0.01130059171150255,2.0,0.22165283837668534,True,0.4375,False,True
q2_radius2,q2r2_s7_0002,q2r2_s7_0002_right_neighbor_removed,right_neighbor_removed,0.01130059171150255,2.0,0.2154795229628614,True,0.4375,False,True
q2_radius2,q2r2_s7_0002,q2r2_s7_0002_inner_neighbors_only,inner_neighbors_only,0.17742128382936462,2.0,0.444448182302454,True,0.3125,True,True
q2_radius2,q2r2_s7_0002,q2r2_s7_0002_outer_neighbors_removed,outer_neighbors_removed,0.17742128382936462,2.0,0.44424607027188934,True,0.3125,True,True
q2_radius2,q2r2_s7_0002,q2r2_s7_0002_left_right_symmetrized_rule,left_right_symmetrized_rule,0.0,0.0,0.00014306973760352948,True,0.0,True,True
q2_radius2,q2r2_s7_0002,q2r2_s7_0002_output_histogram_random,output_distribution_matched_random,0.0,0.0,0.1137888848278103,False,0.5,False,True
q2_radius2,q2r2_s7_0005,q2r2_s7_0005_center_only_projection,center_only_projection,0.9886994082884974,4.0,0.2702661109017117,True,0.5625,True,False
q2_radius2,q2r2_s7_0005,q2r2_s7_0005_left_right_symmetrized_rule,left_right_symmetrized_rule,0.0,0.0,0.0009626719454342569,True,0.0,True,True
q2_radius2,q2r2_s7_0005,q2r2_s7_0005_left_neighbor_removed,left_neighbor_removed,0.0342654053635324,2.0,0.03601656214148288,True,0.5625,False,True
q2_radius2,q2r2_s7_0005,q2r2_s7_0005_right_neighbor_removed,right_neighbor_removed,0.0342654053635324,2.0,0.03557327399399465,True,0.5625,False,True
q2_radius2,q2r2_s7_0005,q2r2_s7_0005_inner_neighbors_only,inner_neighbors_only,0.01130059171150255,2.0,0.14387089838990924,True,0.4375,True,True
q2_radius2,q2r2_s7_0005,q2r2_s7_0005_outer_neighbors_removed,outer_neighbors_removed,0.01130059171150255,2.0,0.14736665821137412,True,0.4375,True,True
q2_radius2,q2r2_s7_0005,q2r2_s7_0005_output_histogram_random,output_distribution_matched_random,0.0,0.0,0.2787191330263411,False,0.5625,False,True
q2_radius2,q2r2_s7_0006,q2r2_s7_0006_center_only_projection,center_only_projection,0.0028196011057357584,4.0,0.11638025156161164,True,0.46875,True,True
q2_radius2,q2r2_s7_0006,q2r2_s7_0006_inner_neighbors_only,inner_neighbors_only,0.0028196011057357584,4.0,0.11644128671786164,True,0.46875,True,True
q2_radius2,q2r2_s7_0006,q2r2_s7_0006_left_right_symmetrized_rule,left_right_symmetrized_rule,0.0,0.0,0.0004899370120360347,True,0.0,True,True
q2_radius2,q2r2_s7_0006,q2r2_s7_0006_outer_neighbors_removed,outer_neighbors_removed,0.0028196011057357584,4.0,0.11566817473869498,True,0.46875,True,True
q2_radius2,q2r2_s7_0006,q2r2_s7_0006_left_neighbor_removed,left_neighbor_removed,0.0028196011057357584,2.0,0.13826317938989918,True,0.28125,False,True
q2_radius2,q2r2_s7_0006,q2r2_s7_0006_right_neighbor_removed,right_neighbor_removed,0.0028196011057357584,2.0,0.1382485650591141,True,0.28125,False,True
q2_radius2,q2r2_s7_0006,q2r2_s7_0006_output_histogram_random,output_distribution_matched_random,0.0,0.0,0.10397695797925804,True,0.4375,False,True
q2_radius2,q2r2_s7_0007,q2r2_s7_0007_left_neighbor_removed,left_neighbor_removed,0.1859022744351314,2.0,0.22332233233138907,True,0.40625,False,False
q2_radius2,q2r2_s7_0007,q2r2_s7_0007_right_neighbor_removed,right_neighbor_removed,0.1859022744351314,2.0,0.22332750782709448,True,0.40625,False,False
q2_radius2,q2r2_s7_0007,q2r2_s7_0007_inner_neighbors_only,inner_neighbors_only,0.45361595569466784,2.0,0.22346001836368987,True,0.46875,True,True
q2_radius2,q2r2_s7_0007,q2r2_s7_0007_outer_neighbors_removed,outer_neighbors_removed,0.45361595569466784,2.0,0.2234556261326602,True,0.46875,True,True
q2_radius2,q2r2_s7_0007,q2r2_s7_0007_center_only_projection,center_only_projection,0.0028196011057357584,4.0,0.00828411456746972,True,0.65625,True,True
q2_radius2,q2r2_s7_0007,q2r2_s7_0007_left_right_symmetrized_rule,left_right_symmetrized_rule,0.0,0.0,5.439227862039098e-05,True,0.0,True,True
q2_radius2,q2r2_s7_0007,q2r2_s7_0007_output_histogram_random,output_distribution_matched_random,0.0,0.0,0.08856612633698321,True,0.3125,False,True
q2_radius2,q2r2_s7_0009,q2r2_s7_0009_inner_neighbors_only,inner_neighbors_only,0.020055400473087293,2.0,0.319158354542951,True,0.28125,True,True
q2_radius2,q2r2_s7_0009,q2r2_s7_0009_center_only_projection,center_only_projection,0.025510596601947655,4.0,0.15834874282648534,True,0.34375,True,True
q2_radius2,q2r2_s7_0009,q2r2_s7_0009_left_neighbor_removed,left_neighbor_removed,0.025510596601947655,2.0,0.23603675054063106,True,0.53125,False,True
q2_radius2,q2r2_s7_0009,q2r2_s7_0009_right_neighbor_removed,right_neighbor_removed,0.025510596601947655,2.0,0.236317010573399,True,0.53125,False,True
q2_radius2,q2r2_s7_0009,q2r2_s7_0009_outer_neighbors_removed,outer_neighbors_removed,0.020055400473087293,2.0,0.31858714638475166,True,0.28125,True,True
q2_radius2,q2r2_s7_0009,q2r2_s7_0009_left_right_symmetrized_rule,left_right_symmetrized_rule,0.0,0.0,0.006468893724110636,True,0.0,True,True
q2_radius2,q2r2_s7_0009,q2r2_s7_0009_output_histogram_random,output_distribution_matched_random,0.0,0.0,0.061833193892391614,True,0.3125,False,True
q2_radius2,q2r2_s7_0010,q2r2_s7_0010_left_right_symmetrized_rule,left_right_symmetrized_rule,0.0,0.0,0.0001836706090855289,True,0.0,True,True
q2_radius2,q2r2_s7_0010,q2r2_s7_0010_left_neighbor_removed,left_neighbor_removed,0.18872187554086717,2.0,0.04834158874472061,True,0.4375,False,True
q2_radius2,q2r2_s7_0010,q2r2_s7_0010_center_only_projection,center_only_projection,0.0,4.0,0.5446953231286042,True,0.5625,True,True
q2_radius2,q2r2_s7_0010,q2r2_s7_0010_right_neighbor_removed,right_neighbor_removed,0.18872187554086717,2.0,0.048109920866075684,True,0.4375,False,True
q2_radius2,q2r2_s7_0010,q2r2_s7_0010_inner_neighbors_only,inner_neighbors_only,0.0,2.0,0.29142564918562686,True,0.375,True,True
q2_radius2,q2r2_s7_0010,q2r2_s7_0010_output_histogram_random,output_distribution_matched_random,0.0,0.0,0.26446218905780444,False,0.5625,False,True
q2_radius2,q2r2_s7_0010,q2r2_s7_0010_outer_neighbors_removed,outer_neighbors_removed,0.0,2.0,0.2914397876087608,True,0.375,True,True
q2_radius2,q2r2_s7_0011,q2r2_s7_0011_left_neighbor_removed,left_neighbor_removed,0.0,2.0,0.5510729318163934,True,0.375,False,True
q2_radius2,q2r2_s7_0011,q2r2_s7_0011_center_only_projection,center_only_projection,0.04556599707503495,4.0,0.6629660286014151,True,0.4375,True,True
q2_radius2,q2r2_s7_0011,q2r2_s7_0011_left_right_symmetrized_rule,left_right_symmetrized_rule,0.0,0.0,0.0004961832999562654,True,0.0,True,True
q2_radius2,q2r2_s7_0011,q2r2_s7_0011_inner_neighbors_only,inner_neighbors_only,0.0,2.0,0.12993166243743381,True,0.3125,True,True
q2_radius2,q2r2_s7_0011,q2r2_s7_0011_right_neighbor_removed,right_neighbor_removed,0.0,2.0,0.5512059182606399,True,0.375,False,True
q2_radius2,q2r2_s7_0011,q2r2_s7_0011_outer_neighbors_removed,outer_neighbors_removed,0.0,2.0,0.13073806812269007,True,0.3125,True,True
q2_radius2,q2r2_s7_0011,q2r2_s7_0011_output_histogram_random,output_distribution_matched_random,0.0,0.0,0.2870120915443265,False,0.4375,False,True
q2_radius2,q2r2_s7_0012,q2r2_s7_0012_left_neighbor_removed,left_neighbor_removed,0.04274639596929919,2.0,0.22559225319111936,True,0.40625,False,True
q2_radius2,q2r2_s7_0012,q2r2_s7_0012_right_neighbor_removed,right_neighbor_removed,0.04274639596929919,2.0,0.218004659215222,True,0.40625,False,True
q2_radius2,q2r2_s7_0012,q2r2_s7_0012_inner_neighbors_only,inner_neighbors_only,0.04274639596929919,2.0,0.3825124303112563,True,0.28125,True,True
q2_radius2,q2r2_s7_0012,q2r2_s7_0012_outer_neighbors_removed,outer_neighbors_removed,0.04274639596929919,2.0,0.38236644563928995,True,0.28125,True,True
q2_radius2,q2r2_s7_0012,q2r2_s7_0012_center_only_projection,center_only_projection,0.0028196011057357584,4.0,0.25480846184426276,True,0.40625,True,True
q2_radius2,q2r2_s7_0012,q2r2_s7_0012_left_right_symmetrized_rule,left_right_symmetrized_rule,0.0,0.0,0.0036078459880350966,True,0.0,True,True
q2_radius2,q2r2_s7_0012,q2r2_s7_0012_output_histogram_random,output_distribution_matched_random,0.0,0.0,0.13075252381759156,False,0.625,False,True
q2_radius2,q2r2_s7_0014,q2r2_s7_0014_left_neighbor_removed,left_neighbor_removed,0.07163792760513243,2.0,0.04786581990004668,True,0.40625,False,True
q2_radius2,q2r2_s7_0014,q2r2_s7_0014_left_right_symmetrized_rule,left_right_symmetrized_rule,0.0,0.0,0.006171104426195062,True,0.0,True,True
q2_radius2,q2r2_s7_0014,q2r2_s7_0014_center_only_projection,center_only_projection,0.07163792760513243,4.0,0.33269919630302247,True,0.46875,True,True
q2_radius2,q2r2_s7_0014,q2r2_s7_0014_outer_neighbors_removed,outer_neighbors_removed,0.026071930530097487,2.0,0.4934498847034397,True,0.34375,True,True
q2_radius2,q2r2_s7_0014,q2r2_s7_0014_inner_neighbors_only,inner_neighbors_only,0.026071930530097487,2.0,0.49340876826533564,True,0.34375,True,True
q2_radius2,q2r2_s7_0014,q2r2_s7_0014_right_neighbor_removed,right_neighbor_removed,0.07163792760513243,2.0,0.05294355624213165,True,0.40625,False,True
q2_radius2,q2r2_s7_0014,q2r2_s7_0014_output_histogram_random,output_distribution_matched_random,0.0,0.0,0.34729518481397703,True,0.4375,False,True
q2_radius2,q2r2_s7_0016,q2r2_s7_0016_center_only_projection,center_only_projection,0.9744894033980523,4.0,0.29320697152358977,True,0.59375,True,False
q2_radius2,q2r2_s7_0016,q2r2_s7_0016_inner_neighbors_only,inner_neighbors_only,0.1632112789389195,2.0,0.06973582881855606,True,0.34375,True,True
q2_radius2,q2r2_s7_0016,q2r2_s7_0016_outer_neighbors_removed,outer_neighbors_removed,0.1632112789389195,2.0,0.06851790182152068,True,0.34375,True,True
q2_radius2,q2r2_s7_0016,q2r2_s7_0016_left_right_symmetrized_rule,left_right_symmetrized_rule,0.0,0.0,0.00035046632604368577,True,0.0,True,True
q2_radius2,q2r2_s7_0016,q2r2_s7_0016_left_neighbor_removed,left_neighbor_removed,0.020055400473087293,2.0,0.2364231776385589,True,0.46875,False,True
q2_radius2,q2r2_s7_0016,q2r2_s7_0016_right_neighbor_removed,right_neighbor_removed,0.020055400473087293,2.0,0.23606156714168594,True,0.46875,False,True
q2_radius2,q2r2_s7_0016,q2r2_s7_0016_output_histogram_random,output_distribution_matched_random,0.0,0.0,0.30309708603331614,True,0.5625,False,True
q2_radius2,q2r2_s7_0017,q2r2_s7_0017_center_only_projection,center_only_projection,0.9886994082884974,4.0,0.4685451812446699,True,0.4375,True,False
q2_radius2,q2r2_s7_0017,q2r2_s7_0017_left_neighbor_removed,left_neighbor_removed,0.0342654053635324,2.0,0.4114729774083466,True,0.375,False,True
q2_radius2,q2r2_s7_0017,q2r2_s7_0017_right_neighbor_removed,right_neighbor_removed,0.0342654053635324,2.0,0.4116991227752904,True,0.375,False,True
q2_radius2,q2r2_s7_0017,q2r2_s7_0017_inner_neighbors_only,inner_neighbors_only,0.0342654053635324,2.0,0.14933715384063823,True,0.25,True,True
q2_radius2,q2r2_s7_0017,q2r2_s7_0017_outer_neighbors_removed,outer_neighbors_removed,0.0342654053635324,2.0,0.1512346472191765,True,0.25,True,True
q2_radius2,q2r2_s7_0017,q2r2_s7_0017_left_right_symmetrized_rule,left_right_symmetrized_rule,0.0,0.0,8.946072365884072e-05,True,0.0,True,True
q2_radius2,q2r2_s7_0017,q2r2_s7_0017_output_histogram_random,output_distribution_matched_random,0.0,0.0,0.04472130966930121,False,0.4375,False,True
q2_radius2,q2r2_s7_0019,q2r2_s7_0019_center_only_projection,center_only_projection,0.9971803988942642,4.0,0.36242815579122506,True,0.53125,True,False
q2_radius2,q2r2_s7_0019,q2r2_s7_0019_inner_neighbors_only,inner_neighbors_only,0.04274639596929919,2.0,0.3320564037023077,True,0.40625,True,True
q2_radius2,q2r2_s7_0019,q2r2_s7_0019_outer_neighbors_removed,outer_neighbors_removed,0.04274639596929919,2.0,0.3310000374380686,True,0.40625,True,True
q2_radius2,q2r2_s7_0019,q2r2_s7_0019_left_right_symmetrized_rule,left_right_symmetrized_rule,0.0,0.0,0.0008006749639579702,True,0.0,True,True
q2_radius2,q2r2_s7_0019,q2r2_s7_0019_left_neighbor_removed,left_neighbor_removed,0.04274639596929919,2.0,0.17170301887259382,True,0.40625,False,True
q2_radius2,q2r2_s7_0019,q2r2_s7_0019_right_neighbor_removed,right_neighbor_removed,0.04274639596929919,2.0,0.17110951245799325,True,0.40625,False,True
q2_radius2,q2r2_s7_0019,q2r2_s7_0019_output_histogram_random,output_distribution_matched_random,0.0,0.0,0.11553408775800539,True,0.375,False,True
q2_radius2,q2r2_s7_0021,q2r2_s7_0021_center_only_projection,center_only_projection,0.9744894033980523,4.0,0.08944521700119802,True,0.40625,True,False
q2_radius2,q2r2_s7_0021,q2r2_s7_0021_left_right_symmetrized_rule,left_right_symmetrized_rule,0.0,0.0,0.0030424082101049715,True,0.0,True,True
q2_radius2,q2r2_s7_0021,q2r2_s7_0021_left_neighbor_removed,left_neighbor_removed,0.020055400473087293,2.0,0.031924946111390316,True,0.40625,False,True
q2_radius2,q2r2_s7_0021,q2r2_s7_0021_right_neighbor_removed,right_neighbor_removed,0.020055400473087293,2.0,0.032427692971034365,True,0.40625,False,True
q2_radius2,q2r2_s7_0021,q2r2_s7_0021_output_histogram_random,output_distribution_matched_random,0.0,0.0,0.1609418743844928,True,0.375,False,True
q2_radius2,q2r2_s7_0021,q2r2_s7_0021_inner_neighbors_only,inner_neighbors_only,0.020055400473087293,2.0,0.3415702041516915,True,0.46875,True,True
q2_radius2,q2r2_s7_0021,q2r2_s7_0021_outer_neighbors_removed,outer_neighbors_removed,0.020055400473087293,2.0,0.3414538249015189,True,0.46875,True,True
q2_radius2,q2r2_s7_0023,q2r2_s7_0023_center_only_projection,center_only_projection,0.9886994082884974,4.0,0.18555766224009096,True,0.4375,True,False
q2_radius2,q2r2_s7_0023,q2r2_s7_0023_inner_neighbors_only,inner_neighbors_only,0.01130059171150255,2.0,0.12212732227070133,True,0.3125,True,False
q2_radius2,q2r2_s7_0023,q2r2_s7_0023_outer_neighbors_removed,outer_neighbors_removed,0.01130059171150255,2.0,0.1221959124609121,True,0.3125,True,False
q2_radius2,q2r2_s7_0023,q2r2_s7_0023_right_neighbor_removed,right_neighbor_removed,0.0342654053635324,2.0,0.09295704862062928,True,0.375,False,True
q2_radius2,q2r2_s7_0023,q2r2_s7_0023_left_neighbor_removed,left_neighbor_removed,0.0342654053635324,2.0,0.09369540942652492,True,0.375,False,True
q2_radius2,q2r2_s7_0023,q2r2_s7_0023_left_right_symmetrized_rule,left_right_symmetrized_rule,0.0,0.0,0.001892188991177296,True,0.0,True,True
q2_radius2,q2r2_s7_0023,q2r2_s7_0023_output_histogram_random,output_distribution_matched_random,0.0,0.0,0.2873151654001178,True,0.5,False,True
q2_radius2,q2r2_s7_0024,q2r2_s7_0024_center_only_projection,center_only_projection,0.0028196011057357584,4.0,0.2805116193646189,True,0.71875,True,True
q2_radius2,q2r2_s7_0024,q2r2_s7_0024_output_histogram_random,output_distribution_matched_random,0.0,0.0,0.39424202703980366,True,0.5,False,True
q2_radius2,q2r2_s7_0024,q2r2_s7_0024_left_right_symmetrized_rule,left_right_symmetrized_rule,0.0,0.0,0.00012886191127048363,True,0.0,True,True
q2_radius2,q2r2_s7_0024,q2r2_s7_0024_left_neighbor_removed,left_neighbor_removed,0.04274639596929919,2.0,0.0982287966484679,True,0.40625,False,True
q2_radius2,q2r2_s7_0024,q2r2_s7_0024_right_neighbor_removed,right_neighbor_removed,0.04274639596929919,2.0,0.09824812048205006,True,0.40625,False,True
q2_radius2,q2r2_s7_0024,q2r2_s7_0024_inner_neighbors_only,inner_neighbors_only,0.0028196011057357584,2.0,0.02590902723841576,True,0.28125,True,True
q2_radius2,q2r2_s7_0024,q2r2_s7_0024_outer_neighbors_removed,outer_neighbors_removed,0.0028196011057357584,2.0,0.02584044696294774,True,0.28125,True,True
q2_radius2,q2r2_s8_0007,q2r2_s8_0007_right_neighbor_removed,right_neighbor_removed,0.04274639596929919,2.0,0.28453274157389646,True,0.09375,True,True
q2_radius2,q2r2_s8_0007,q2r2_s8_0007_center_only_projection,center_only_projection,0.0028196011057357584,4.0,0.19811754926913275,True,0.03125,False,True
q2_radius2,q2r2_s8_0007,q2r2_s8_0007_left_neighbor_removed,left_neighbor_removed,0.0028196011057357584,4.0,0.1970748653498619,True,0.03125,False,True
q2_radius2,q2r2_s8_0007,q2r2_s8_0007_left_right_symmetrized_rule,left_right_symmetrized_rule,0.0028196011057357584,4.0,0.19881945356600775,True,0.03125,False,True
q2_radius2,q2r2_s8_0007,q2r2_s8_0007_inner_neighbors_only,inner_neighbors_only,0.0028196011057357584,4.0,0.19753771528475775,True,0.03125,False,True
q2_radius2,q2r2_s8_0007,q2r2_s8_0007_outer_neighbors_removed,outer_neighbors_removed,0.0028196011057357584,4.0,0.19823961958163275,True,0.03125,False,True
q2_radius2,q2r2_s8_0007,q2r2_s8_0007_output_histogram_random,output_distribution_matched_random,0.0,0.0,0.12062596252322427,False,0.4375,True,True
ECA_anchor,ECA_169,ECA_169_center_only_projection,center_only_projection,1.0,2.0,0.2796009205005787,True,0.5,False,False
ECA_anchor,ECA_169,ECA_169_left_neighbor_removed,left_neighbor_removed,0.0,1.0,0.15247624070711008,True,0.25,True,True
ECA_anchor,ECA_169,ECA_169_right_neighbor_removed,right_neighbor_removed,0.18872187554086717,1.0,0.1197300861995666,True,0.5,True,True
ECA_anchor,ECA_169,ECA_169_left_right_symmetrized_rule,left_right_symmetrized_rule,0.04556599707503495,0.0,0.0162502732503097,True,0.125,False,True
ECA_anchor,ECA_169,ECA_169_output_histogram_random,output_distribution_matched_random,0.0,0.0,0.18227445467328618,True,0.5,True,True
ECA_anchor,ECA_225,ECA_225_center_only_projection,center_only_projection,1.0,2.0,0.2801556305268742,True,0.5,False,False
ECA_anchor,ECA_225,ECA_225_right_neighbor_removed,right_neighbor_removed,0.0,1.0,0.15304824204472767,True,0.25,True,True
ECA_anchor,ECA_225,ECA_225_left_neighbor_removed,left_neighbor_removed,0.18872187554086717,1.0,0.12092938339501103,True,0.5,True,True
ECA_anchor,ECA_225,ECA_225_left_right_symmetrized_rule,left_right_symmetrized_rule,0.04556599707503495,0.0,0.015412130473572594,True,0.125,False,True
ECA_anchor,ECA_225,ECA_225_output_histogram_random,output_distribution_matched_random,0.0,0.0,0.18960527664194482,True,0.5,True,True
ECA_anchor,ECA_73,ECA_73_center_only_projection,center_only_projection,0.04556599707503495,2.0,0.06646611521660784,True,0.625,True,True
ECA_anchor,ECA_73,ECA_73_left_neighbor_removed,left_neighbor_removed,0.04556599707503495,1.0,0.06646303173161855,True,0.375,False,False
ECA_anchor,ECA_73,ECA_73_output_histogram_random,output_distribution_matched_random,0.0,0.0,0.3341239051744487,False,0.25,False,True
ECA_anchor,ECA_73,ECA_73_right_neighbor_removed,right_neighbor_removed,0.04556599707503495,1.0,0.06646490561799467,True,0.375,False,False
ECA_anchor,ECA_73,ECA_73_left_right_symmetrized_rule,left_right_symmetrized_rule,0.0,0.0,0.00047502523896914006,True,0.0,True,True
ECA_anchor,ECA_109,ECA_109_center_only_projection,center_only_projection,0.04556599707503495,2.0,0.06351132358801381,True,0.625,True,True
ECA_anchor,ECA_109,ECA_109_output_histogram_random,output_distribution_matched_random,0.0,0.0,0.0634022217590055,True,0.25,False,True
ECA_anchor,ECA_109,ECA_109_left_neighbor_removed,left_neighbor_removed,0.04556599707503495,1.0,0.06351357423461362,True,0.375,False,False
ECA_anchor,ECA_109,ECA_109_right_neighbor_removed,right_neighbor_removed,0.04556599707503495,1.0,0.0635115119681256,True,0.375,False,False
ECA_anchor,ECA_109,ECA_109_left_right_symmetrized_rule,left_right_symmetrized_rule,0.0,0.0,0.0009537090180058438,True,0.0,True,True
ECA_anchor,ECA_54,ECA_54_center_only_projection,center_only_projection,1.0,2.0,0.41124386753332626,True,0.5,True,False
ECA_anchor,ECA_54,ECA_54_left_neighbor_removed,left_neighbor_removed,0.18872187554086717,1.0,0.2517902555211633,True,0.25,False,True
ECA_anchor,ECA_54,ECA_54_right_neighbor_removed,right_neighbor_removed,0.18872187554086717,1.0,0.2520055938185307,True,0.25,False,True
ECA_anchor,ECA_54,ECA_54_left_right_symmetrized_rule,left_right_symmetrized_rule,0.0,0.0,0.0006504864410736833,True,0.0,True,True
ECA_anchor,ECA_54,ECA_54_output_histogram_random,output_distribution_matched_random,0.0,0.0,0.07797935242928644,False,0.75,True,True
