witness_id,metric,declared_observer_value,nuisance_observer_value,expected_relation,relation_holds
same_observation_rank_different_declared_recovery_v0,state_count,4,4,matched,1
same_observation_rank_different_declared_recovery_v0,output_support_size,2,2,matched,1
same_observation_rank_different_declared_recovery_v0,output_support,0;1,0;1,matched,1
same_observation_rank_different_declared_recovery_v0,finite_observation_rank,1,1,matched,1
same_observation_rank_different_declared_recovery_v0,observation_block_count,2,2,matched,1
same_observation_rank_different_declared_recovery_v0,observation_block_size_signature,2;2,2;2,matched,1
same_observation_rank_different_declared_recovery_v0,output_to_state_count_signature,0:2;1:2,0:2;1:2,matched,1
same_observation_rank_different_declared_recovery_v0,deterministic_observer,1,1,matched,1
same_observation_rank_different_declared_recovery_v0,declared_recovery_signature,observe_declared_d:1:0->{0};1->{1},"observe_nuisance_n:0:0->{0,1};1->{0,1}",different,1
