point_id,T,metric,mean,ci_low,ci_high,n_seeds
collapse_attractor_control,50,p_viable,0.0,0.0,0.0,30
collapse_attractor_control,50,relation_lineage_excess,0.0,0.0,0.0,30
collapse_attractor_control,50,closure_rate,0.0,0.0,0.0,30
collapse_attractor_control,50,recoverable_alternative_count,0.0,0.0,0.0,30
collapse_attractor_control,50,lock_in_index,1.0,1.0,1.0,30
collapse_attractor_control,100,p_viable,0.0,0.0,0.0,30
collapse_attractor_control,100,relation_lineage_excess,0.0,0.0,0.0,30
collapse_attractor_control,100,closure_rate,0.0,0.0,0.0,30
collapse_attractor_control,100,recoverable_alternative_count,0.0,0.0,0.0,30
collapse_attractor_control,100,lock_in_index,1.0,1.0,1.0,30
independent_sites_control,50,p_viable,0.9962444444444445,0.9959163888888889,0.9965841666666665,30
independent_sites_control,50,relation_lineage_excess,0.0,0.0,0.0,30
independent_sites_control,50,closure_rate,0.23885148965129252,0.23825985192491664,0.23937069461828847,30
independent_sites_control,50,recoverable_alternative_count,2988.733333333333,2987.633333333333,2989.5666666666666,30
independent_sites_control,50,lock_in_index,9.249563809226171e-06,9.24539481015739e-06,9.253113967194668e-06,30
independent_sites_control,100,p_viable,0.9917666666666667,0.9913052777777779,0.9923736111111111,30
independent_sites_control,100,relation_lineage_excess,0.0,0.0,0.0,30
independent_sites_control,100,closure_rate,0.25019886427850235,0.2495276760863311,0.2509062314100477,30
independent_sites_control,100,recoverable_alternative_count,2975.3,2973.6316666666667,2976.6400000000003,30
independent_sites_control,100,lock_in_index,9.284093025422041e-06,9.27981109134796e-06,9.288730479839628e-06,30
noise_rich_control,50,p_viable,1.0,1.0,1.0,30
noise_rich_control,50,relation_lineage_excess,-0.017868861111111037,-0.017945616666666598,-0.01778310833333327,30
noise_rich_control,50,closure_rate,0.24960694444444442,0.24905220486111107,0.25022322916666667,30
noise_rich_control,50,recoverable_alternative_count,3000.0,3000.0,3000.0,30
noise_rich_control,50,lock_in_index,3.144458766382605e-07,3.135105545135636e-07,3.1561336838209724e-07,30
noise_rich_control,100,p_viable,1.0,1.0,1.0,30
noise_rich_control,100,relation_lineage_excess,-0.017955249999999957,-0.01801799583333329,-0.017882180034722184,30
noise_rich_control,100,closure_rate,0.24997708333333332,0.24934706597222214,0.25065763888888887,30
noise_rich_control,100,recoverable_alternative_count,3000.0,3000.0,3000.0,30
noise_rich_control,100,lock_in_index,3.146737962185689e-07,3.137844045226217e-07,3.154160774240338e-07,30
phase_000,50,p_viable,0.9651444444444446,0.9639158333333336,0.9663794444444446,30
phase_000,50,relation_lineage_excess,0.0,0.0,0.0,30
phase_000,50,closure_rate,0.2500314497746652,0.24945564945060597,0.2505720486040952,30
phase_000,50,recoverable_alternative_count,2895.4333333333334,2891.1158333333333,2898.8733333333334,30
phase_000,50,lock_in_index,6.066417974109093e-07,5.844906414757666e-07,6.268615017217545e-07,30
phase_000,100,p_viable,0.928911111111111,0.9277188888888889,0.9301022222222222,30
phase_000,100,relation_lineage_excess,0.0,0.0,0.0,30
phase_000,100,closure_rate,0.24973211692958627,0.24909874059168693,0.2503216190481367,30
phase_000,100,recoverable_alternative_count,2786.733333333333,2783.0666666666666,2789.903333333333,30
phase_000,100,lock_in_index,5.43723563778742e-07,5.32877303268562e-07,5.598430075794085e-07,30
phase_001,50,p_viable,0.9343333333333332,0.932903611111111,0.9356291666666666,30
phase_001,50,relation_lineage_excess,0.0,0.0,0.0,30
phase_001,50,closure_rate,0.248741819743338,0.24789514689035028,0.24965344540601017,30
phase_001,50,recoverable_alternative_count,2803.0,2797.8983333333335,2807.175,30
phase_001,50,lock_in_index,6.667866989571686e-07,6.482359665486524e-07,6.897137377418982e-07,30
phase_001,100,p_viable,0.8687444444444442,0.8666552777777777,0.8704566666666665,30
phase_001,100,relation_lineage_excess,0.0,0.0,0.0,30
phase_001,100,closure_rate,0.249627108229098,0.2490489758807518,0.2501742501944478,30
phase_001,100,recoverable_alternative_count,2606.233333333333,2600.0550000000003,2611.4366666666665,30
phase_001,100,lock_in_index,6.377754443692719e-07,6.204977632893203e-07,6.529859202971784e-07,30
phase_002,50,p_viable,0.8780444444444445,0.8754119444444446,0.8808811111111111,30
phase_002,50,relation_lineage_excess,2.7967605816507184e-05,2.4234250869203204e-05,3.1794524588672856e-05,30
phase_002,50,closure_rate,0.2484930121681373,0.24768600920543435,0.24935607070027815,30
phase_002,50,recoverable_alternative_count,2634.133333333333,2627.896666666667,2642.116666666667,30
phase_002,50,lock_in_index,5.789676729293771e-07,5.545963294831219e-07,6.003669059658424e-07,30
phase_002,100,p_viable,0.7618222222222221,0.7593372222222223,0.7640122222222222,30
phase_002,100,relation_lineage_excess,1.8698346391055053e-05,1.6581544357554173e-05,2.0496966450034755e-05,30
phase_002,100,closure_rate,0.24965792645754772,0.24900224725856168,0.250444230427734,30
phase_002,100,recoverable_alternative_count,2285.4666666666667,2278.7599999999998,2292.4225,30
phase_002,100,lock_in_index,5.833113347849404e-07,5.668259475593463e-07,6.01345219565331e-07,30
phase_003,50,p_viable,0.7091111111111114,0.7035925000000001,0.7143761111111112,30
phase_003,50,relation_lineage_excess,0.00210571037748105,0.002049381082047534,0.0021625729367337563,30
phase_003,50,closure_rate,0.25625509143520403,0.255514999376917,0.25692713407814227,30
phase_003,50,recoverable_alternative_count,2127.3,2108.695,2145.0,30
phase_003,50,lock_in_index,6.891150611405495e-07,6.417339872926538e-07,7.449036089698254e-07,30
phase_003,100,p_viable,0.48077777777777775,0.4742363888888889,0.48760638888888896,30
phase_003,100,relation_lineage_excess,0.0018734680419314933,0.00181686064238083,0.0019230228449466226,30
phase_003,100,closure_rate,0.2502470354116808,0.24937229017960408,0.25113061354072647,30
phase_003,100,recoverable_alternative_count,1442.3333333333333,1423.4108333333334,1461.0233333333333,30
phase_003,100,lock_in_index,8.376600055918002e-07,8.053947672113257e-07,8.820064287935598e-07,30
phase_004,50,p_viable,0.9521111111111111,0.9508555555555556,0.9535186111111111,30
phase_004,50,relation_lineage_excess,0.0015750939519963867,0.0015351590724905252,0.0016224698854699507,30
phase_004,50,closure_rate,0.24962609194446764,0.24900832169134235,0.25046945201806087,30
phase_004,50,recoverable_alternative_count,2856.3333333333335,2851.6425,2861.4575,30
phase_004,50,lock_in_index,3.544748739298444e-07,3.367470721715819e-07,3.779218821452864e-07,30
phase_004,100,p_viable,0.9050999999999999,0.9029194444444444,0.9079616666666664,30
phase_004,100,relation_lineage_excess,0.0009697400456668368,0.0009506738737251172,0.0009894142086662328,30
phase_004,100,closure_rate,0.24983058579811293,0.2488724348310353,0.2506741210709411,30
phase_004,100,recoverable_alternative_count,2715.3,2709.2808333333332,2723.6766666666667,30
phase_004,100,lock_in_index,3.003163988863775e-07,2.875058517445671e-07,3.1606349108911173e-07,30
phase_005,50,p_viable,0.8220666666666667,0.8174627777777776,0.8271841666666666,30
phase_005,50,relation_lineage_excess,0.0017628902888408998,0.001699742162509503,0.001837667540824165,30
phase_005,50,closure_rate,0.24990070473105577,0.24875486574417788,0.25072249345746594,30
phase_005,50,recoverable_alternative_count,2466.2,2453.3333333333335,2479.508333333333,30
phase_005,50,lock_in_index,5.299915034319151e-07,5.039481604815417e-07,5.644242656847126e-07,30
phase_005,100,p_viable,0.6706666666666664,0.6655583333333334,0.6763436111111112,30
phase_005,100,relation_lineage_excess,0.0012195153059485699,0.0011896003831014153,0.0012521979626121168,30
phase_005,100,closure_rate,0.2506112945173849,0.24965973303225808,0.2518896787252769,30
phase_005,100,recoverable_alternative_count,2012.0,1995.0391666666667,2033.6125,30
phase_005,100,lock_in_index,5.529576980886298e-07,5.295747458840073e-07,5.818766544764812e-07,30
phase_006,50,p_viable,0.251511111111111,0.24436833333333333,0.2581899999999999,30
phase_006,50,relation_lineage_excess,0.0067180422167033215,0.006403806758870235,0.006969545382162096,30
phase_006,50,closure_rate,0.2719055865656122,0.2707502604906215,0.2735816034801582,30
phase_006,50,recoverable_alternative_count,754.5333333333333,726.2583333333333,775.2266666666667,30
phase_006,50,lock_in_index,2.283002247633235e-06,2.1441963008003075e-06,2.419861346259933e-06,30
phase_006,100,p_viable,0.054944444444444414,0.05161361111111106,0.057628611111111075,30
phase_006,100,relation_lineage_excess,0.022025077833761248,0.0214789116331338,0.02252107647598703,30
phase_006,100,closure_rate,0.2537418494806206,0.2511291890723269,0.2566542842018743,30
phase_006,100,recoverable_alternative_count,164.83333333333334,158.64916666666664,172.39749999999998,30
phase_006,100,lock_in_index,1.2757550373332639e-05,1.1585925945633815e-05,1.3906701569414275e-05,30
phase_007,50,p_viable,0.8749888888888889,0.8713425,0.8780688888888888,30
phase_007,50,relation_lineage_excess,0.0018720465569416968,0.0018111950070378924,0.0019367238943523764,30
phase_007,50,closure_rate,0.24861043549053857,0.24813520986565432,0.24937162147513198,30
phase_007,50,recoverable_alternative_count,2624.9666666666667,2616.2491666666665,2634.903333333333,30
phase_007,50,lock_in_index,4.3352009306473396e-07,4.1534270893048956e-07,4.601565027981512e-07,30
phase_007,100,p_viable,0.7596777777777778,0.7551908333333334,0.7633327777777779,30
phase_007,100,relation_lineage_excess,0.0012777562124793934,0.001248122376077554,0.0013160604863445334,30
phase_007,100,closure_rate,0.2494978454305464,0.24893036974549132,0.2500378241307758,30
phase_007,100,recoverable_alternative_count,2279.0333333333333,2267.568333333333,2290.5099999999998,30
phase_007,100,lock_in_index,4.4791308144171487e-07,4.2530060253465947e-07,4.688394103971883e-07,30
phase_008,50,p_viable,0.617211111111111,0.6004047222222222,0.6315080555555557,30
phase_008,50,relation_lineage_excess,0.011914763711485647,0.011557212604930594,0.01221181423120651,30
phase_008,50,closure_rate,0.2574054158733597,0.25604306966678986,0.2586925330885668,30
phase_008,50,recoverable_alternative_count,1851.6,1801.6299999999999,1913.7383333333332,30
phase_008,50,lock_in_index,8.127947338811263e-07,7.407442941996828e-07,9.170968125270667e-07,30
phase_008,100,p_viable,0.36292222222222226,0.3482072222222223,0.37675027777777775,30
phase_008,100,relation_lineage_excess,0.01197801347366231,0.011644841500890894,0.012322393905644222,30
phase_008,100,closure_rate,0.25126342334528656,0.2502775060747289,0.25250084358222874,30
phase_008,100,recoverable_alternative_count,1088.7666666666667,1044.3316666666667,1144.7575,30
phase_008,100,lock_in_index,1.1510170213107144e-06,1.0436388709283634e-06,1.3034649637678641e-06,30
phase_009,50,p_viable,0.7101000000000001,0.6976802777777779,0.7217747222222224,30
phase_009,50,relation_lineage_excess,0.010422603082682058,0.010119004185589496,0.010653463013061311,30
phase_009,50,closure_rate,0.25329708774277293,0.25230682369961466,0.2541863541267936,30
phase_009,50,recoverable_alternative_count,2130.266666666667,2088.8641666666667,2162.7875,30
phase_009,50,lock_in_index,7.243881364253765e-07,6.452881086995705e-07,7.87580256804216e-07,30
phase_009,100,p_viable,0.48956666666666665,0.47906444444444435,0.49866194444444445,30
phase_009,100,relation_lineage_excess,0.009213078442526735,0.009030266224383392,0.009406972057266795,30
phase_009,100,closure_rate,0.2505679719219325,0.24952774466411032,0.2514791706381872,30
phase_009,100,recoverable_alternative_count,1468.7,1438.7316666666668,1493.0408333333332,30
phase_009,100,lock_in_index,7.382536234330704e-07,6.630731638125305e-07,7.957105408437998e-07,30
phase_010,50,p_viable,0.9322111111111112,0.9293827777777778,0.9346372222222221,30
phase_010,50,relation_lineage_excess,0.00638061770946216,0.006279466025257222,0.006515584890399332,30
phase_010,50,closure_rate,0.24983127597593643,0.2490595807570966,0.250682896140204,30
phase_010,50,recoverable_alternative_count,2796.633333333333,2788.8125,2803.9275,30
phase_010,50,lock_in_index,3.5135761142077e-07,3.1481587373882763e-07,3.7666911409917614e-07,30
phase_010,100,p_viable,0.865111111111111,0.8606338888888889,0.8692441666666666,30
phase_010,100,relation_lineage_excess,0.004575304399737636,0.004462992558607932,0.004677748215948612,30
phase_010,100,closure_rate,0.2501062689715061,0.24949513330089187,0.2507970415100269,30
phase_010,100,recoverable_alternative_count,2595.3333333333335,2579.3808333333336,2606.068333333333,30
phase_010,100,lock_in_index,2.8715608698637265e-07,2.656776851738876e-07,3.106434127135622e-07,30
phase_011,50,p_viable,0.8780222222222224,0.8713511111111111,0.8841763888888888,30
phase_011,50,relation_lineage_excess,0.007371801487363009,0.007175047464689419,0.007574118003241712,30
phase_011,50,closure_rate,0.24877312631384776,0.2480487932856754,0.249599395188114,30
phase_011,50,recoverable_alternative_count,2634.0333333333333,2612.5499999999997,2649.9633333333336,30
phase_011,50,lock_in_index,4.318229928490393e-07,3.839989465754678e-07,4.821337314434645e-07,30
phase_011,100,p_viable,0.7631111111111111,0.7538636111111111,0.7697475,30
phase_011,100,relation_lineage_excess,0.005392067474534666,0.005268708517044279,0.005508557577749048,30
phase_011,100,closure_rate,0.2501601096404912,0.24920207089331844,0.2508067255574866,30
phase_011,100,recoverable_alternative_count,2289.3333333333335,2259.784166666667,2311.980833333333,30
phase_011,100,lock_in_index,3.7349894885732826e-07,3.4493493819597e-07,4.036015074756896e-07,30
phase_012,50,p_viable,0.7622666666666668,0.7533616666666667,0.7711572222222224,30
phase_012,50,relation_lineage_excess,0.0095498968274907,0.009308373039056454,0.009807864520412766,30
phase_012,50,closure_rate,0.24876323402471912,0.24797785326321112,0.24966497983599142,30
phase_012,50,recoverable_alternative_count,2286.766666666667,2264.204166666667,2310.195833333333,30
phase_012,50,lock_in_index,6.666119815050512e-07,6.090968923188926e-07,7.347520136484669e-07,30
phase_012,100,p_viable,0.5777222222222221,0.5673536111111112,0.5920458333333334,30
phase_012,100,relation_lineage_excess,0.00775523607914662,0.007615798867074682,0.007886135251788535,30
phase_012,100,closure_rate,0.24965626026024773,0.24850892889638046,0.2506518210087237,30
phase_012,100,recoverable_alternative_count,1733.1666666666667,1699.2991666666667,1768.6299999999999,30
phase_012,100,lock_in_index,6.116448836011244e-07,5.608988180364344e-07,6.631996247056398e-07,30
phase_013,50,p_viable,0.5387333333333333,0.5147102777777778,0.5579947222222221,30
phase_013,50,relation_lineage_excess,0.013606257568011362,0.013256191617184833,0.013954587358824672,30
phase_013,50,closure_rate,0.255351063990279,0.25447790523796326,0.2560681496948276,30
phase_013,50,recoverable_alternative_count,1616.1333333333334,1550.7075,1679.685,30
phase_013,50,lock_in_index,1.0964492548918452e-06,9.670800515248997e-07,1.2112591638089958e-06,30
phase_013,100,p_viable,0.25618888888888885,0.24102305555555553,0.2700755555555555,30
phase_013,100,relation_lineage_excess,0.015346184376987019,0.014840949000996442,0.015951903254648486,30
phase_013,100,closure_rate,0.25008457907179427,0.2490787916205986,0.25135080232807666,30
phase_013,100,recoverable_alternative_count,768.5666666666667,735.1841666666667,805.0583333333333,30
phase_013,100,lock_in_index,1.6675831047261493e-06,1.5101950351735518e-06,1.8370941016375876e-06,30
phase_014,50,p_viable,0.19545555555555552,0.1785472222222222,0.21457666666666658,30
phase_014,50,relation_lineage_excess,0.025588672136609085,0.024984523476574386,0.02638168419861275,30
phase_014,50,closure_rate,0.2705673479718392,0.2687396902611713,0.27271489405831095,30
phase_014,50,recoverable_alternative_count,586.3,536.1441666666666,637.6008333333333,30
phase_014,50,lock_in_index,4.249594584544787e-06,3.4453993236313253e-06,5.1896501992845894e-06,30
phase_014,100,p_viable,0.027677777777777756,0.02552944444444442,0.029633888888888866,30
phase_014,100,relation_lineage_excess,0.031219017621006595,0.03068779270603747,0.03171905800804897,30
phase_014,100,closure_rate,0.25860039869349827,0.2539139070707868,0.2629874667900085,30
phase_014,100,recoverable_alternative_count,83.03333333333333,77.32833333333333,90.86916666666666,30
phase_014,100,lock_in_index,4.112218601384075e-05,3.0471580248755745e-05,5.22672360531368e-05,30
phase_015,50,p_viable,0.8010555555555554,0.790573611111111,0.8102183333333333,30
phase_015,50,relation_lineage_excess,0.008848002317991864,0.008628449962007529,0.00903130563471195,30
phase_015,50,closure_rate,0.24719791379187792,0.24651526892582734,0.2478846731175205,30
phase_015,50,recoverable_alternative_count,2403.1666666666665,2367.8125,2436.1825,30
phase_015,50,lock_in_index,5.797847157574476e-07,5.224792624587651e-07,6.374513488706122e-07,30
phase_015,100,p_viable,0.612811111111111,0.6020336111111111,0.6227777777777778,30
phase_015,100,relation_lineage_excess,0.007108685583896722,0.0069595312106368375,0.007341896059605118,30
phase_015,100,closure_rate,0.2503276634026461,0.2495844327691606,0.25107454488789854,30
phase_015,100,recoverable_alternative_count,1838.4333333333334,1806.4875,1874.9708333333333,30
phase_015,100,lock_in_index,5.247088778580774e-07,4.846685833440333e-07,5.68466236689516e-07,30
phase_016,50,p_viable,0.8188999999999999,0.8105502777777778,0.8290325,30
phase_016,50,relation_lineage_excess,0.008569128836933927,0.008257365844898865,0.008877487302515653,30
phase_016,50,closure_rate,0.24817794829374507,0.2475421321045015,0.2488185444426935,30
phase_016,50,recoverable_alternative_count,2456.7,2432.0316666666668,2480.0616666666665,30
phase_016,50,lock_in_index,4.912824237349958e-07,4.453036954271983e-07,5.368748867020833e-07,30
phase_016,100,p_viable,0.6672444444444442,0.6542913888888889,0.6768422222222221,30
phase_016,100,relation_lineage_excess,0.006899323928489239,0.006748656806205356,0.007076391034576809,30
phase_016,100,closure_rate,0.24890945070142273,0.2480246183478469,0.249840667293006,30
phase_016,100,recoverable_alternative_count,2001.7333333333333,1966.5491666666667,2032.3041666666666,30
phase_016,100,lock_in_index,4.3004684428922835e-07,3.901812887375385e-07,4.7107078425517067e-07,30
phase_017,50,p_viable,0.9937,0.9932444444444446,0.9941725000000002,30
phase_017,50,relation_lineage_excess,0.020505656996519447,0.020254004322222515,0.020746588480384635,30
phase_017,50,closure_rate,0.24991001536598167,0.24905974643988055,0.2505379044622495,30
phase_017,50,recoverable_alternative_count,2981.1,2979.5808333333334,2982.5508333333332,30
phase_017,50,lock_in_index,2.708502509364814e-06,2.705860291953488e-06,2.7109373068931884e-06,30
phase_017,100,p_viable,0.9881999999999999,0.9874936111111112,0.9887555555555556,30
phase_017,100,relation_lineage_excess,0.012939573552627221,0.012804414466917026,0.013087213595493951,30
phase_017,100,closure_rate,0.2486273484698603,0.24801908423358504,0.24917814316003364,30
phase_017,100,recoverable_alternative_count,2964.6,2962.8616666666667,2966.371666666667,30
phase_017,100,lock_in_index,2.496071622716901e-06,2.4934773991149134e-06,2.4982942712465602e-06,30
phase_018,50,p_viable,0.9882111111111112,0.9876386111111112,0.9889577777777778,30
phase_018,50,relation_lineage_excess,0.03326946112549281,0.03291941663979231,0.03358998317193544,30
phase_018,50,closure_rate,0.37557110653082953,0.3748240947430542,0.3763007465961438,30
phase_018,50,recoverable_alternative_count,2964.633333333333,2962.5491666666667,2966.366666666667,30
phase_018,50,lock_in_index,5.073766730765122e-06,5.067854546831224e-06,5.07923414851514e-06,30
phase_018,100,p_viable,0.9766888888888887,0.9755824999999999,0.9779102777777776,30
phase_018,100,relation_lineage_excess,0.020163414295434275,0.01998408043646222,0.02038796631850384,30
phase_018,100,closure_rate,0.25826448931463797,0.25778672338671205,0.2586772384213891,30
phase_018,100,recoverable_alternative_count,2930.0666666666666,2926.5475,2933.1625,30
phase_018,100,lock_in_index,4.825601653645764e-06,4.819251027346154e-06,4.831511424485778e-06,30
random_stepwise_relation_control,50,p_viable,0.9335000000000001,0.9314041666666667,0.9352391666666666,30
random_stepwise_relation_control,50,relation_lineage_excess,0.0,0.0,0.0,30
random_stepwise_relation_control,50,closure_rate,0.24805181893223072,0.24723653133087065,0.24883626275760898,30
random_stepwise_relation_control,50,recoverable_alternative_count,2800.5,2795.2075,2804.235,30
random_stepwise_relation_control,50,lock_in_index,6.631244277095578e-07,6.431668398179418e-07,6.835607341705828e-07,30
random_stepwise_relation_control,100,p_viable,0.868811111111111,0.8662447222222222,0.8710144444444444,30
random_stepwise_relation_control,100,relation_lineage_excess,0.0,0.0,0.0,30
random_stepwise_relation_control,100,closure_rate,0.2498910770864623,0.2490103833380713,0.25067443186581934,30
random_stepwise_relation_control,100,recoverable_alternative_count,2606.4333333333334,2601.179166666667,2613.145833333333,30
random_stepwise_relation_control,100,lock_in_index,6.425236777222652e-07,6.264320157801057e-07,6.624293911500762e-07,30
relation_lock_in_control,50,p_viable,0.9853,0.9843655555555555,0.9862069444444445,30
relation_lock_in_control,50,relation_lineage_excess,0.03831283812723923,0.03796603857999823,0.03875053249931679,30
relation_lock_in_control,50,closure_rate,0.47480338915470843,0.47419895596656064,0.47537659726984155,30
relation_lock_in_control,50,recoverable_alternative_count,2955.9,2952.996666666667,2958.7858333333334,30
relation_lock_in_control,50,lock_in_index,6.0581005048575275e-06,6.051632413064872e-06,6.064848020171211e-06,30
relation_lock_in_control,100,p_viable,0.9662222222222224,0.964716388888889,0.9679055555555557,30
relation_lock_in_control,100,relation_lineage_excess,0.023462925562253486,0.023244630874089976,0.02368788610946995,30
relation_lock_in_control,100,closure_rate,0.3290731711079356,0.3285122166959517,0.3296610453024426,30
relation_lock_in_control,100,recoverable_alternative_count,2898.633333333333,2893.9808333333335,2903.2766666666666,30
relation_lock_in_control,100,lock_in_index,6.117674606035748e-06,5.916487037995116e-06,6.5059583377089674e-06,30
symmetric_transition_control,50,p_viable,0.617211111111111,0.6071230555555556,0.631745,30
symmetric_transition_control,50,relation_lineage_excess,0.011914763711485647,0.011556270729214115,0.012184693552806046,30
symmetric_transition_control,50,closure_rate,0.2574054158733597,0.2560397095574571,0.25895016778170854,30
symmetric_transition_control,50,recoverable_alternative_count,1851.6,1793.2591666666667,1909.645,30
symmetric_transition_control,50,lock_in_index,8.127947338811264e-07,7.075396778642196e-07,9.042621025175708e-07,30
symmetric_transition_control,100,p_viable,0.3629222222222222,0.34753611111111105,0.37680972222222214,30
symmetric_transition_control,100,relation_lineage_excess,0.01197801347366231,0.011700740399016009,0.012278510116102304,30
symmetric_transition_control,100,closure_rate,0.25126342334528656,0.25013366771695034,0.25232779420498325,30
symmetric_transition_control,100,recoverable_alternative_count,1088.7666666666667,1044.9108333333334,1133.6741666666667,30
symmetric_transition_control,100,lock_in_index,1.1510170213107144e-06,1.0556522526707456e-06,1.2540817218220998e-06,30
